Date,Time,Category,Item,Qty,Product Sales,Discounts,Net Sales,Itemization Type
31/12/2024,17:37:34,None,Gloss Varnish,1,$4.54,$0.00,$4.54,Service
31/12/2024,17:13:52,None,Gloss Varnish,1,$4.54,$0.00,$4.54,Service
31/12/2024,17:13:52,None,Gloss Varnish,1,$4.54,$0.00,$4.54,Service
31/12/2024,17:02:38,None,Gloss Varnish,1,$4.54,$0.00,$4.54,Service
31/12/2024,17:02:18,None,Gloss Varnish,1,$4.54,$0.00,$4.54,Service
31/12/2024,17:02:18,None,Gloss Varnish,1,$4.54,$0.00,$4.54,Service
31/12/2024,16:29:35,None,Capybara Chicken Hat - DIY Figurine Painting Kit,1,$45.38,$0.00,$45.38,Physical Good
31/12/2024,16:29:35,Sanrio,Mel  - DIY Plaster Figurine Painting Kit,1,$36.31,$0.00,$36.31,Physical Good
31/12/2024,15:45:43,Beverages,Drink - Milkis,1,$2.73,$0.00,$2.73,Physical Good
31/12/2024,15:44:37,None,Capybara Turtle Hat - DIY Figurine Painting Kit,1,$45.38,$0.00,$45.38,Physical Good
31/12/2024,15:44:37,None,Custom Amount,1,$40.84,$0.00,$40.84,
31/12/2024,15:44:37,None,Larva Red - DIY Figurine Painting Kit,1,$31.77,$0.00,$31.77,Physical Good
31/12/2024,15:08:56,Beverages,Drink - Banana Milk,1,$3.41,$0.00,$3.41,Physical Good
31/12/2024,15:08:56,Beverages,Drink - COKE,1,$2.72,$0.00,$2.72,Physical Good
31/12/2024,15:08:10,None,Larva Yellow Funny - DIY Figurine Painting Kit,1,$31.77,$0.00,$31.77,Physical Good
31/12/2024,15:07:51,Sanrio,Pompom - DIY  Figurine Painting Kit,1,$40.84,$0.00,$40.84,Physical Good
31/12/2024,14:20:17,None,Gloss Varnish,1,$4.54,$0.00,$4.54,Service
31/12/2024,13:46:47,None,Larva Pink - DIY Figurine Painting Kit,1,$31.82,$0.00,$31.82,Physical Good
31/12/2024,13:46:47,None,Larva Yellow Funny - DIY Figurine Painting Kit,1,$31.82,$0.00,$31.82,Physical Good
31/12/2024,13:46:47,None,Larva Red - DIY Figurine Painting Kit,1,$31.81,$0.00,$31.81,Physical Good
31/12/2024,13:41:46,None,Teddy with Tote - DIY Figurine Painting Kit,2,$77.06,-$48.19,$28.87,Physical Good
31/12/2024,13:41:46,Beverages,Drink - WATER,1,$2.89,-$1.81,$1.08,Physical Good
31/12/2024,13:31:59,None,Gloss Varnish,1,$5.00,-$5.00,$0.00,Service
31/12/2024,13:22:54,None,Astronaut - DIY Figurine Painting Kit,1,$36.67,-$4.00,$32.67,Physical Good
31/12/2024,13:22:54,None,Larva Pink - DIY Figurine Painting Kit,1,$32.09,-$3.50,$28.59,Physical Good
31/12/2024,13:22:54,None,Gloss Varnish,1,$4.54,$0.00,$4.54,Service
31/12/2024,13:22:54,None,Gloss Varnish,1,$4.54,$0.00,$4.54,Service
31/12/2024,13:04:58,Beverages,Drink - Lipton LEMON,1,$5.00,-$5.00,$0.00,Physical Good
31/12/2024,13:03:57,None,Gloss Varnish,1,$5.00,-$5.00,$0.00,Service
31/12/2024,13:02:41,None,Dragon Cutie - DIY Figurine Painting Kit,1,$36.36,$0.00,$36.36,Physical Good
31/12/2024,12:58:52,None,BuBu LaLa - DIY Figurine Painting Kit,1,$45.38,$0.00,$45.38,Physical Good
31/12/2024,11:54:10,Beverages,Drink - WATER,1,$2.86,-$1.50,$1.36,Physical Good
31/12/2024,11:52:41,None,Larva Yellow Funny - DIY Figurine Painting Kit,1,$31.82,$0.00,$31.82,Physical Good
30/12/2024,20:35:04,None,Gloss Varnish,1,$4.54,$0.00,$4.54,Service
30/12/2024,20:35:04,None,Gloss Varnish,1,$4.54,$0.00,$4.54,Service
30/12/2024,19:54:40,None,Gloss Varnish,1,$4.54,$0.00,$4.54,Service
30/12/2024,19:37:41,None,Rabbit holds Fish - DIY  Figurine Painting Kit,1,$40.84,$0.00,$40.84,Physical Good
30/12/2024,19:35:49,Sanrio,Mel  - DIY Plaster Figurine Painting Kit,1,$36.31,$0.00,$36.31,Physical Good
30/12/2024,18:40:24,None,BuBu LaLa - DIY Figurine Painting Kit,1,$45.38,$0.00,$45.38,Physical Good
30/12/2024,18:40:24,None,Bubu lala Snack -DIY Figurine Painting Kit,1,$45.39,$0.00,$45.39,Physical Good
30/12/2024,18:40:24,Beverages,Drink - SPRITE,1,$2.72,$0.00,$2.72,Physical Good
30/12/2024,18:15:01,None,Capybara Chicken Hat - DIY Figurine Painting Kit,1,$45.38,$0.00,$45.38,Physical Good
30/12/2024,17:45:22,Beverages,Drink - Banana Milk,3,$10.21,$0.00,$10.21,Physical Good
30/12/2024,16:43:00,Sanrio,Kuro the Eclipse - DIY Figurine Painting Kit,1,$40.84,$0.00,$40.84,Physical Good
30/12/2024,16:07:09,Raws/Kaws,Raws the OG - DIY  Figurine Painting Kit,1,$47.95,-$27.78,$20.17,Physical Good
30/12/2024,16:07:09,Sanrio,Mel  - DIY Plaster Figurine Painting Kit,1,$38.36,-$22.22,$16.14,Physical Good
30/12/2024,15:48:12,None,Capybara on Donut - DIY Figurine Painting Kit,1,$45.38,$0.00,$45.38,Physical Good
30/12/2024,15:29:16,None,Mel with Necklace - DIY  Figurine Painting Kit,2,$81.69,$0.00,$81.69,Physical Good
30/12/2024,14:31:28,Beverages,Drink - SPRITE,1,$2.72,$0.00,$2.72,Physical Good
30/12/2024,14:31:28,Beverages,Drink - Milkis,1,$2.73,$0.00,$2.73,Physical Good
30/12/2024,13:45:54,None,Piggy the Queen - DIY  Figurine Painting Kit,1,$36.31,$0.00,$36.31,Physical Good
30/12/2024,13:34:26,Beverages,Drink - WATER,1,$2.86,-$1.50,$1.36,Physical Good
30/12/2024,13:08:16,None,SP the Sailor Moon - DIY Figurine Painting Kit,1,$47.72,-$25.00,$22.72,Physical Good
30/12/2024,13:08:16,None,Nami - DIY  Figurine Painting Kit,1,$47.73,-$25.00,$22.73,Physical Good
30/12/2024,12:58:00,None,Piggy the Queen - DIY  Figurine Painting Kit,1,$36.30,$0.00,$36.30,Physical Good
30/12/2024,12:58:00,None,Piggy Happy - DIY  Figurine Painting Kit,1,$36.31,$0.00,$36.31,Physical Good
30/12/2024,12:58:00,Sanrio,Cinna with Bowtied - DIY Figurine Painting Kit,1,$40.84,$0.00,$40.84,Physical Good
30/12/2024,12:54:19,None,Larva Yellow Funny - DIY Figurine Painting Kit,1,$31.77,$0.00,$31.77,Physical Good
30/12/2024,12:54:19,None,Teddy with Tote - DIY Figurine Painting Kit,1,$36.30,$0.00,$36.30,Physical Good
30/12/2024,12:54:19,None,Capybara on Crocodile - DIY Figurine Painting Kit,1,$45.38,$0.00,$45.38,Physical Good
30/12/2024,12:33:03,None,Gloss Varnish,1,$4.54,$0.00,$4.54,Service
30/12/2024,12:24:35,None,Bubu Lala Flower B - DIY Figurine Painting Kit,1,$40.84,$0.00,$40.84,Physical Good
30/12/2024,12:24:18,Sanrio,Cinna - DIY Figurine Painting Kit,1,$36.31,$0.00,$36.31,Physical Good
30/12/2024,11:56:49,Sanrio,Kuro the Magician - DIY Figurine Painting Kit,1,$40.84,$0.00,$40.84,Physical Good
30/12/2024,11:56:49,None,Rabbit with Glasses - DIY  Figurine Painting Kit,1,$36.31,$0.00,$36.31,Physical Good
30/12/2024,11:56:49,Raws/Kaws,Raws the OG - DIY  Figurine Painting Kit,1,$45.38,$0.00,$45.38,Physical Good
30/12/2024,11:53:04,None,Dragon Cutie - DIY Figurine Painting Kit,1,$36.30,$0.00,$36.30,Physical Good
30/12/2024,11:53:04,None,Gloss Varnish,1,$4.54,$0.00,$4.54,Service
30/12/2024,11:51:36,Sanrio,Kuro with Bowtie- DIY Figurine Painting Kit,1,$40.84,$0.00,$40.84,Physical Good
30/12/2024,11:43:46,None,Gloss Varnish,1,$4.54,$0.00,$4.54,Service
30/12/2024,11:43:46,None,Gloss Varnish,1,$4.54,$0.00,$4.54,Service
30/12/2024,11:35:23,None,Nami - DIY  Figurine Painting Kit,1,$45.38,$0.00,$45.38,Physical Good
30/12/2024,11:35:23,None,Gloss Varnish,1,$4.54,$0.00,$4.54,Service
30/12/2024,11:34:29,None,Bubu Lala Flower B - DIY Figurine Painting Kit,1,$40.84,$0.00,$40.84,Physical Good
30/12/2024,11:34:29,Raws/Kaws,Raws Furry - DIY  Figurine Painting Kit,1,$45.38,$0.00,$45.38,Physical Good
30/12/2024,11:34:29,None,Gloss Varnish,1,$4.54,$0.00,$4.54,Service
30/12/2024,11:34:29,None,Gloss Varnish,1,$4.54,$0.00,$4.54,Service
30/12/2024,11:09:08,Sanrio,Mel with Bowtie - DIY  Figurine Painting Kit,1,$40.91,$0.00,$40.91,Physical Good
30/12/2024,11:04:47,Sanrio,Cinna - DIY Figurine Painting Kit,1,$36.31,$0.00,$36.31,Physical Good
30/12/2024,11:02:37,None,Bubu Lala Flower B - DIY Figurine Painting Kit,1,$40.84,$0.00,$40.84,Physical Good
29/12/2024,19:43:19,None,Gloss,1,$4.54,$0.00,$4.54,Physical Good
29/12/2024,18:35:18,Raws/Kaws,Raws the OG - DIY  Figurine Painting Kit,-1,-$45.38,$0.00,-$45.38,Physical Good
29/12/2024,18:24:31,Pokemon Characters,Pok the Pi on Saturn - DIY  Figurine Painting Kit,1,$42.97,-$22.96,$20.01,Physical Good
29/12/2024,18:24:31,None,Kir On Star - DIY Figurine Painting Kit,1,$42.96,-$22.96,$20.00,Physical Good
29/12/2024,18:24:31,Beverages,Drink - Lipton PEACH,1,$4.77,-$2.55,$2.22,Physical Good
29/12/2024,18:24:31,Beverages,Drink - COKE,1,$2.87,-$1.53,$1.34,Physical Good
29/12/2024,18:22:33,Raws/Kaws,Raws the OG - DIY  Figurine Painting Kit,1,$45.38,$0.00,$45.38,Physical Good
29/12/2024,17:18:24,None,Capybara Turtle Hat - DIY Figurine Painting Kit,1,$47.81,-$26.32,$21.49,Physical Good
29/12/2024,17:18:24,SP GIRL - SKULLPANDA,SP - Cat,1,$43.03,-$23.68,$19.35,Physical Good
29/12/2024,17:15:34,Beverages,Drink - Lipton PEACH,1,$5.00,-$5.00,$0.00,Physical Good
29/12/2024,16:39:38,Sanrio,Pompom - DIY  Figurine Painting Kit,1,$45.00,-$45.00,$0.00,Physical Good
29/12/2024,16:18:51,None,BuBu LaLa - DIY Figurine Painting Kit,1,$45.38,$0.00,$45.38,Physical Good
29/12/2024,15:50:26,None,Gloss,-1,-$4.55,$0.00,-$4.55,Physical Good
29/12/2024,15:45:40,None,Gloss,1,$4.55,$0.00,$4.55,Physical Good
29/12/2024,15:39:46,None,Rabbit holds Fish - DIY  Figurine Painting Kit,1,$40.85,$0.00,$40.85,Physical Good
29/12/2024,15:39:46,None,Capybara on Donut - DIY Figurine Painting Kit,1,$45.38,$0.00,$45.38,Physical Good
29/12/2024,15:32:07,None,BuBu LaLa - DIY Figurine Painting Kit,1,$45.38,$0.00,$45.38,Physical Good
29/12/2024,15:32:07,None,Bowtie Cat School Girl - DIY Figurine Painting Kit,1,$40.84,$0.00,$40.84,Physical Good
29/12/2024,15:32:07,None,Gloss,2,$9.08,$0.00,$9.08,Physical Good
29/12/2024,15:00:49,None,Gloss,3,$13.64,$0.00,$13.64,Physical Good
29/12/2024,14:34:24,Sanrio,Pompom - DIY  Figurine Painting Kit,1,$40.84,$0.00,$40.84,Physical Good
29/12/2024,14:34:24,None,Gloss,1,$4.54,$0.00,$4.54,Physical Good
29/12/2024,14:27:45,Beverages,Drink - SPRITE,1,$2.73,$0.00,$2.73,Physical Good
29/12/2024,14:06:54,None,Teddy with Tote - DIY Figurine Painting Kit,1,$40.00,-$40.00,$0.00,Physical Good
29/12/2024,13:09:47,None,Strawberry Bear Balloon - DIY Figurine Painting Kit,1,$40.91,$0.00,$40.91,Physical Good
29/12/2024,13:09:47,None,Capybara Turtle Hat - DIY Figurine Painting Kit,1,$45.45,$0.00,$45.45,Physical Good
29/12/2024,13:09:47,None,Dor the Astronaut - DIY Figurine Painting Kit,1,$40.91,$0.00,$40.91,Physical Good
29/12/2024,12:20:56,None,Gloss,2,$9.09,$0.00,$9.09,Physical Good
29/12/2024,11:13:37,Sanrio,Cinna the Princess - DIY Figurine Painting Kit,1,$40.84,$0.00,$40.84,Physical Good
29/12/2024,11:13:37,Sanrio,Mel  - DIY Plaster Figurine Painting Kit,1,$36.31,$0.00,$36.31,Physical Good
28/12/2024,22:09:49,None,Gloss Varnish,1,$4.54,$0.00,$4.54,Service
28/12/2024,22:00:04,None,Gloss Varnish,1,$4.54,$0.00,$4.54,Service
28/12/2024,20:39:36,None,Gloss Varnish,1,$4.54,$0.00,$4.54,Service
28/12/2024,20:13:21,None,Gloss Varnish,1,$4.54,$0.00,$4.54,Service
28/12/2024,20:13:21,None,Gloss Varnish,1,$4.54,$0.00,$4.54,Service
28/12/2024,19:54:41,None,Teddy with Tote - DIY Figurine Painting Kit,2,$77.23,-$50.00,$27.23,Physical Good
28/12/2024,19:24:44,None,Repeat painting,1,$9.08,$0.00,$9.08,Service
28/12/2024,18:23:55,None,Gloss Varnish,1,$4.54,$0.00,$4.54,Service
28/12/2024,18:23:55,None,Gloss Varnish,1,$4.54,$0.00,$4.54,Service
28/12/2024,18:16:21,None,Rabbit holds Fish - DIY  Figurine Painting Kit,1,$40.84,$0.00,$40.84,Physical Good
28/12/2024,18:16:21,None,Puppy - DIY  Figurine Painting Kit,1,$36.31,$0.00,$36.31,Physical Good
28/12/2024,17:43:41,None,Bowtie Cat School Girl - DIY Figurine Painting Kit,1,$40.84,$0.00,$40.84,Physical Good
28/12/2024,17:43:41,Sanrio,Mel with Bowtie - DIY  Figurine Painting Kit,1,$40.85,$0.00,$40.85,Physical Good
28/12/2024,17:43:41,Beverages,Drink - Lipton LEMON,1,$4.54,$0.00,$4.54,Physical Good
28/12/2024,17:43:41,Beverages,Drink - COKE ZERO,1,$2.72,$0.00,$2.72,Physical Good
28/12/2024,17:42:09,None,Gloss Varnish,1,$4.54,$0.00,$4.54,Service
28/12/2024,17:27:56,Beverages,Drink - COKE,1,$2.72,$0.00,$2.72,Physical Good
28/12/2024,17:27:56,Beverages,Drink - COKE ZERO,1,$2.73,$0.00,$2.73,Physical Good
28/12/2024,16:46:22,Sanrio,Pompom - DIY  Figurine Painting Kit,1,$40.84,$0.00,$40.84,Physical Good
28/12/2024,15:56:03,Raws/Kaws,Raws the OG - DIY  Figurine Painting Kit,1,$45.38,$0.00,$45.38,Physical Good
28/12/2024,15:56:03,SP GIRL - SKULLPANDA,SP - Cat,1,$40.85,$0.00,$40.85,Physical Good
28/12/2024,15:49:50,Sanrio,Cinna - DIY Figurine Painting Kit,1,$36.31,$0.00,$36.31,Physical Good
28/12/2024,15:05:33,Beverages,Drink - WATER,1,$2.72,$0.00,$2.72,Physical Good
28/12/2024,14:51:30,None,Bowtie Cat School Girl - DIY Figurine Painting Kit,1,$40.85,$0.00,$40.85,Physical Good
28/12/2024,14:51:30,None,Dor the Astronaut - DIY Figurine Painting Kit,1,$40.84,$0.00,$40.84,Physical Good
28/12/2024,14:51:30,Beverages,Drink - Red Bull,1,$4.54,$0.00,$4.54,Physical Good
28/12/2024,14:48:34,None,Cat Piggy - DIY Figurine Painting Kit,1,$36.31,$0.00,$36.31,Physical Good
28/12/2024,14:48:34,None,Dor the Fal - DIY Figurine Painting Kit,1,$40.84,$0.00,$40.84,Physical Good
28/12/2024,14:05:40,None,Capybara the Office Man - DIY Figurine Painting Kit,1,$45.38,$0.00,$45.38,Physical Good
28/12/2024,13:47:18,None,Capybara Backpack - DIY Figurine Painting Kit,1,$45.38,$0.00,$45.38,Physical Good
28/12/2024,12:55:27,Sanrio,Mel with Bowtie - DIY  Figurine Painting Kit,1,$40.91,$0.00,$40.91,Physical Good
28/12/2024,12:55:12,None,Piggy the Queen - DIY  Figurine Painting Kit,1,$36.31,$0.00,$36.31,Physical Good
28/12/2024,12:45:33,None,BuBu LaLa - DIY Figurine Painting Kit,1,$45.38,$0.00,$45.38,Physical Good
28/12/2024,12:05:06,Sanrio,Cinna the Princess - DIY Figurine Painting Kit,1,$40.84,$0.00,$40.84,Physical Good
28/12/2024,11:43:52,SP GIRL - SKULLPANDA,SP - Cat,1,$40.84,$0.00,$40.84,Physical Good
28/12/2024,11:18:40,Sanrio,Cinna with Bowtied - DIY Figurine Painting Kit,1,$40.91,$0.00,$40.91,Physical Good
28/12/2024,11:18:02,None,Piggy Peachy - DIY  Figurine Painting Kit,1,$36.36,$0.00,$36.36,Physical Good
28/12/2024,11:16:51,None,Dragon Cutie - DIY Figurine Painting Kit,1,$38.53,-$24.10,$14.43,Physical Good
28/12/2024,11:16:51,None,Larva Red - DIY Figurine Painting Kit,1,$33.71,-$21.08,$12.63,Physical Good
28/12/2024,11:16:51,Beverages,Drink - Lipton PEACH,1,$4.82,-$3.01,$1.81,Physical Good
28/12/2024,11:16:51,Beverages,Drink - COKE,1,$2.89,-$1.81,$1.08,Physical Good
27/12/2024,18:18:00,None,Gloss Varnish,1,$4.54,$0.00,$4.54,Service
27/12/2024,18:18:00,None,Gloss Varnish,1,$4.54,$0.00,$4.54,Service
27/12/2024,17:56:42,None,Dragon Cutie - DIY Figurine Painting Kit,1,$36.36,$0.00,$36.36,Physical Good
27/12/2024,17:54:27,Sanrio,Mel  - DIY Plaster Figurine Painting Kit,1,$36.36,$0.00,$36.36,Physical Good
27/12/2024,17:53:51,Sanrio,Mel with Bowtie - DIY  Figurine Painting Kit,1,$40.84,$0.00,$40.84,Physical Good
27/12/2024,17:53:51,None,Gloss Varnish,1,$4.54,$0.00,$4.54,Service
27/12/2024,17:53:51,Beverages,Drink - Lipton PEACH,1,$4.54,$0.00,$4.54,Physical Good
27/12/2024,17:41:50,None,Gloss Varnish,1,$4.54,$0.00,$4.54,Service
27/12/2024,17:41:50,None,Gloss Varnish,1,$4.54,$0.00,$4.54,Service
27/12/2024,17:37:22,None,Gloss Varnish,1,$4.54,$0.00,$4.54,Service
27/12/2024,16:32:23,None,Capybara the Office Man - DIY Figurine Painting Kit,1,$47.81,-$26.32,$21.49,Physical Good
27/12/2024,16:32:23,None,Mel with Necklace - DIY  Figurine Painting Kit,1,$43.03,-$23.68,$19.35,Physical Good
27/12/2024,16:21:30,None,Puppy - DIY  Figurine Painting Kit,1,$36.31,$0.00,$36.31,Physical Good
27/12/2024,15:53:19,None,Sleepy Sparkle - DIY Figurine Painting Kit,1,$36.31,$0.00,$36.31,Physical Good
27/12/2024,15:52:58,Sanrio,Cinna - DIY Figurine Painting Kit,1,$36.36,$0.00,$36.36,Physical Good
27/12/2024,15:51:45,Beverages,Drink - WATER,1,$2.86,-$1.50,$1.36,Physical Good
27/12/2024,15:19:37,Sanrio,Purin - DIY  Figurine Painting Kit,1,$40.91,$0.00,$40.91,Physical Good
27/12/2024,15:08:18,None,Capybara on Crocodile - DIY Figurine Painting Kit,1,$45.38,$0.00,$45.38,Physical Good
27/12/2024,15:08:18,Sanrio,Cinna with Bowtied - DIY Figurine Painting Kit,1,$40.85,$0.00,$40.85,Physical Good
27/12/2024,14:23:26,None,Piggy Peachy - DIY  Figurine Painting Kit,1,$36.31,$0.00,$36.31,Physical Good
27/12/2024,14:11:52,None,Dor the Astronaut - DIY Figurine Painting Kit,1,$45.00,-$45.00,$0.00,Physical Good
27/12/2024,14:11:52,Sanrio,Kuro the Eclipse - DIY Figurine Painting Kit,1,$45.00,-$45.00,$0.00,Physical Good
27/12/2024,13:54:10,Beverages,Drink - WATER,1,$2.86,-$1.50,$1.36,Physical Good
27/12/2024,13:53:13,Beverages,Drink - COKE,1,$2.73,$0.00,$2.73,Physical Good
27/12/2024,13:45:10,Sanrio,Cinna - DIY Figurine Painting Kit,1,$40.00,-$40.00,$0.00,Physical Good
27/12/2024,13:45:10,None,Capybara Chicken Hat - DIY Figurine Painting Kit,1,$50.00,-$50.00,$0.00,Physical Good
27/12/2024,13:25:32,None,Gloss Varnish,1,$4.54,$0.00,$4.54,Service
27/12/2024,13:25:32,None,Gloss Varnish,1,$4.54,$0.00,$4.54,Service
27/12/2024,13:13:02,None,Ducky With Little Bag - DIY Figurine Painting Kit,1,$36.36,$0.00,$36.36,Physical Good
27/12/2024,13:13:02,None,Gloss Varnish,1,$4.55,$0.00,$4.55,Service
27/12/2024,13:06:56,None,Gloss Varnish,1,$4.54,$0.00,$4.54,Service
27/12/2024,13:06:56,None,Gloss Varnish,1,$4.54,$0.00,$4.54,Service
27/12/2024,13:06:56,None,Gloss Varnish,1,$4.53,$0.00,$4.53,Service
27/12/2024,13:06:26,None,Sleepy Sparkle - DIY Figurine Painting Kit,1,$36.31,$0.00,$36.31,Physical Good
27/12/2024,13:06:13,None,Strawberry Bear Waving - DIY Figurine Painting Kit,1,$40.84,$0.00,$40.84,Physical Good
27/12/2024,13:02:04,None,Sleepy Sparkle - DIY Figurine Painting Kit,1,$36.31,$0.00,$36.31,Physical Good
27/12/2024,13:01:39,None,Shin the Racer Boy - DIY  Figurine Painting Kit,1,$45.00,-$45.00,$0.00,Physical Good
27/12/2024,13:00:42,SP GIRL - SKULLPANDA,SP - Cat,1,$40.90,$0.00,$40.90,Physical Good
27/12/2024,13:00:42,None,Gloss Varnish,1,$4.55,$0.00,$4.55,Service
27/12/2024,13:00:03,Sanrio,Mel  - DIY Plaster Figurine Painting Kit,1,$36.36,$0.00,$36.36,Physical Good
27/12/2024,12:51:19,Beverages,Drink - Lipton LEMON,1,$4.54,$0.00,$4.54,Physical Good
27/12/2024,12:51:19,Beverages,Drink - Red Bull,1,$4.54,$0.00,$4.54,Physical Good
27/12/2024,12:48:59,Sanrio,Kuro the Evil - DIY Figurine Painting Kit,1,$45.45,$0.00,$45.45,Physical Good
27/12/2024,12:48:59,Sanrio,Mel with Bowtie - DIY  Figurine Painting Kit,1,$40.91,$0.00,$40.91,Physical Good
27/12/2024,12:47:07,None,Capybara on the Toilet - DIY Figurine Painting Kit,1,$45.38,$0.00,$45.38,Physical Good
27/12/2024,12:47:07,None,Rabbit holds Fish - DIY  Figurine Painting Kit,1,$40.85,$0.00,$40.85,Physical Good
27/12/2024,12:44:56,None,Dragon Cutie - DIY Figurine Painting Kit,1,$36.31,$0.00,$36.31,Physical Good
27/12/2024,12:44:56,None,Larva Red - DIY Figurine Painting Kit,1,$31.76,$0.00,$31.76,Physical Good
27/12/2024,12:44:56,None,Gloss Varnish,1,$4.54,$0.00,$4.54,Service
27/12/2024,12:44:56,None,Gloss Varnish,1,$4.54,$0.00,$4.54,Service
27/12/2024,11:24:08,None,Dor the Astronaut - DIY Figurine Painting Kit,1,$40.84,$0.00,$40.84,Physical Good
27/12/2024,11:14:29,None,BuBu LaLa - DIY Figurine Painting Kit,1,$47.69,-$25.00,$22.69,Physical Good
27/12/2024,11:14:29,Halloween,Bubu Lala Halloween - DIY Figurine Painting Kit,1,$47.69,-$25.00,$22.69,Physical Good
27/12/2024,11:14:29,None,Capybara the Office Man - DIY Figurine Painting Kit,1,$47.69,-$25.00,$22.69,Physical Good
27/12/2024,11:10:48,Sanrio,Kuro with Bowtie- DIY Figurine Painting Kit,1,$40.84,$0.00,$40.84,Physical Good
27/12/2024,11:10:48,Sanrio,Kuro the Eclipse - DIY Figurine Painting Kit,1,$40.85,$0.00,$40.85,Physical Good
27/12/2024,11:03:39,Sanrio,Cinna - DIY Figurine Painting Kit,1,$36.31,$0.00,$36.31,Physical Good
27/12/2024,11:03:39,None,Kuro with Ice Cream - DIY Figurine Painting Kit,1,$40.84,$0.00,$40.84,Physical Good
26/12/2024,16:29:01,None,Piggy Peachy - DIY  Figurine Painting Kit,1,$40.00,-$40.00,$0.00,Physical Good
26/12/2024,16:05:59,None,BuBu LaLa - DIY Figurine Painting Kit,1,$45.38,$0.00,$45.38,Physical Good
26/12/2024,16:05:22,None,Bowtie Cat School Girl - DIY Figurine Painting Kit,1,$40.84,$0.00,$40.84,Physical Good
26/12/2024,13:06:11,Sanrio,Cinna - DIY Figurine Painting Kit,1,$36.30,$0.00,$36.30,Physical Good
26/12/2024,13:06:11,None,Dragon Cutie - DIY Figurine Painting Kit,1,$36.31,$0.00,$36.31,Physical Good
26/12/2024,12:54:47,None,Dino Disco - DIY Figurine Painting Kit,1,$40.84,$0.00,$40.84,Physical Good
26/12/2024,12:54:47,None,Puppy - DIY  Figurine Painting Kit,1,$36.31,$0.00,$36.31,Physical Good
26/12/2024,12:54:47,None,Strawberry Bear - DIY Figurine Painting Kit,1,$40.84,$0.00,$40.84,Physical Good
26/12/2024,11:42:17,Sanrio,Kuro the Evil - DIY Figurine Painting Kit,1,$45.38,$0.00,$45.38,Physical Good
26/12/2024,11:42:17,Sanrio,Cinna the Queen - DIY Figurine Painting Kit,1,$40.85,$0.00,$40.85,Physical Good
26/12/2024,11:42:17,Beverages,Drink - COKE ZERO,1,$2.72,$0.00,$2.72,Physical Good
26/12/2024,11:39:54,None,Piggy Birthday - DIY  Figurine Painting Kit,1,$36.31,$0.00,$36.31,Physical Good
26/12/2024,11:17:52,Sanrio,Cinna - DIY Figurine Painting Kit,1,$40.00,-$40.00,$0.00,Physical Good
25/12/2024,17:40:51,None,Gloss Varnish,1,$4.55,$0.00,$4.55,Service
25/12/2024,17:36:31,None,Take-home kit,1,$2.73,$0.00,$2.73,Physical Good
25/12/2024,16:48:24,None,Gloss Varnish,1,$4.54,$0.00,$4.54,Service
25/12/2024,16:48:24,None,Gloss Varnish,1,$4.54,$0.00,$4.54,Service
25/12/2024,16:45:49,None,Larva Yellow Funny - DIY Figurine Painting Kit,1,$34.08,-$25.00,$9.08,Physical Good
25/12/2024,16:45:49,None,Larva Pink - DIY Figurine Painting Kit,1,$34.07,-$25.00,$9.07,Physical Good
25/12/2024,16:36:01,None,Gloss Varnish,1,$4.54,$0.00,$4.54,Service
25/12/2024,16:30:11,None,Gloss Varnish,1,$4.54,$0.00,$4.54,Service
25/12/2024,15:24:23,None,Gloss Varnish,1,$4.54,$0.00,$4.54,Service
25/12/2024,15:24:23,None,Gloss Varnish,1,$4.54,$0.00,$4.54,Service
25/12/2024,14:49:48,None,Sleepy Sparkle - DIY Figurine Painting Kit,1,$40.00,-$40.00,$0.00,Physical Good
25/12/2024,14:44:35,Beverages,Drink - Lipton PEACH,1,$5.00,-$5.00,$0.00,Physical Good
25/12/2024,14:43:14,Sanrio,Pompom - DIY  Figurine Painting Kit,1,$45.00,-$45.00,$0.00,Physical Good
25/12/2024,14:30:37,None,Sleepy Sparkle - DIY Figurine Painting Kit,1,$40.00,-$40.00,$0.00,Physical Good
25/12/2024,14:30:02,None,Rabbit the Beannie - DIY  Figurine Painting Kit,1,$40.00,-$40.00,$0.00,Physical Good
25/12/2024,13:46:10,Sanrio,Cinna the Queen - DIY Figurine Painting Kit,1,$40.85,$0.00,$40.85,Physical Good
25/12/2024,13:46:10,None,Capybara the Office Man - DIY Figurine Painting Kit,1,$45.38,$0.00,$45.38,Physical Good
25/12/2024,13:09:47,None,Teddy with Tote - DIY Figurine Painting Kit,1,$36.30,$0.00,$36.30,Physical Good
25/12/2024,13:09:47,None,Cat Piggy - DIY Figurine Painting Kit,1,$36.31,$0.00,$36.31,Physical Good
25/12/2024,12:35:59,None,Gloss Varnish,1,$4.55,$0.00,$4.55,Service
25/12/2024,12:24:30,None,Gloss Varnish,1,$4.54,$0.00,$4.54,Service
25/12/2024,12:24:30,None,Gloss Varnish,1,$4.55,$0.00,$4.55,Service
25/12/2024,11:57:38,None,Capybara TV - DIY Figurine Painting Kit,1,$50.00,-$50.00,$0.00,Physical Good
25/12/2024,11:57:38,None,Bubu lala Snack -DIY Figurine Painting Kit,1,$50.00,-$50.00,$0.00,Physical Good
25/12/2024,11:26:57,Sanrio,Mel with Bowtie - DIY  Figurine Painting Kit,1,$40.84,$0.00,$40.84,Physical Good
25/12/2024,11:21:48,None,Sleepy Sparkle - DIY Figurine Painting Kit,1,$40.00,-$40.00,$0.00,Physical Good
25/12/2024,11:21:48,None,Rabbit with Glasses - DIY  Figurine Painting Kit,1,$40.00,-$40.00,$0.00,Physical Good
24/12/2024,17:02:13,None,Gloss Varnish,1,$4.54,$0.00,$4.54,Service
24/12/2024,15:55:44,Sanrio,Cinna the Queen - DIY Figurine Painting Kit,1,$40.84,$0.00,$40.84,Physical Good
24/12/2024,15:06:59,None,Bubu lala Snack -DIY Figurine Painting Kit,1,$45.38,$0.00,$45.38,Physical Good
24/12/2024,12:21:50,None,Capybara Turtle Hat - DIY Figurine Painting Kit,1,$45.38,$0.00,$45.38,Physical Good
24/12/2024,11:37:20,None,Cinna the Magician Hat - DIY Figurine Painting Kit,1,$40.84,$0.00,$40.84,Physical Good
24/12/2024,11:37:20,Sanrio,Mel  - DIY Plaster Figurine Painting Kit,1,$36.31,$0.00,$36.31,Physical Good
24/12/2024,11:16:33,None,Bowtie Cat School Girl - DIY Figurine Painting Kit,1,$40.84,$0.00,$40.84,Physical Good
23/12/2024,17:56:48,None,Gloss Varnish,1,$4.54,$0.00,$4.54,Service
23/12/2024,17:56:48,None,Gloss Varnish,1,$4.55,$0.00,$4.55,Service
23/12/2024,17:10:36,None,Gloss Varnish,1,$4.54,$0.00,$4.54,Service
23/12/2024,17:10:36,None,Gloss Varnish,1,$4.54,$0.00,$4.54,Service
23/12/2024,17:00:22,None,Gloss Varnish,1,$4.54,$0.00,$4.54,Service
23/12/2024,17:00:22,None,Gloss Varnish,1,$4.54,$0.00,$4.54,Service
23/12/2024,16:45:09,None,Piggy Happy - DIY  Figurine Painting Kit,1,$36.31,$0.00,$36.31,Physical Good
23/12/2024,16:34:32,None,Capybara Mother & Child - DIY Figurine Painting,1,$54.46,$0.00,$54.46,Physical Good
23/12/2024,15:52:02,Beverages,Drink - Lipton PEACH,1,$4.54,$0.00,$4.54,Physical Good
23/12/2024,15:52:02,Beverages,Drink - Lipton LEMON,1,$4.55,$0.00,$4.55,Physical Good
23/12/2024,14:49:16,None,Dor the Astronaut - DIY Figurine Painting Kit,1,$40.91,$0.00,$40.91,Physical Good
23/12/2024,14:48:43,Sanrio,Cinna with Bowtied - DIY Figurine Painting Kit,1,$40.84,$0.00,$40.84,Physical Good
23/12/2024,14:48:19,Sanrio,Cinna - DIY Figurine Painting Kit,1,$36.36,$0.00,$36.36,Physical Good
23/12/2024,14:20:53,None,Fox Nine Tailed - DIY Figurine Painting Kit,1,$49.92,$0.00,$49.92,Physical Good
23/12/2024,14:20:53,None,SP - Sailor Moon,1,$45.38,$0.00,$45.38,Physical Good
23/12/2024,13:54:41,Sanrio,Mel,1,$36.31,$0.00,$36.31,Physical Good
23/12/2024,13:54:07,Pokemon Characters,Pok - Water Turtle,1,$40.84,$0.00,$40.84,Physical Good
23/12/2024,13:13:35,Sanrio,Mel,1,$36.31,$0.00,$36.31,Physical Good
23/12/2024,13:13:35,Sanrio,Cinna the Princess - DIY Figurine Painting Kit,1,$40.84,$0.00,$40.84,Physical Good
23/12/2024,12:50:41,None,SP - Witch,1,$45.38,$0.00,$45.38,Physical Good
23/12/2024,12:50:21,Sanrio,Kuro -  King,1,$40.84,$0.00,$40.84,Physical Good
23/12/2024,12:04:57,None,Larva - laughing,1,$31.77,$0.00,$31.77,Physical Good
23/12/2024,12:04:38,None,Larva - laughing,1,$31.77,$0.00,$31.77,Physical Good
23/12/2024,11:02:44,Beverages,Drink - WATER,1,$2.86,-$1.50,$1.36,Physical Good
22/12/2024,18:34:34,None,Gloss Varnish,1,$4.54,$0.00,$4.54,Service
22/12/2024,18:34:34,None,Gloss Varnish,1,$4.54,$0.00,$4.54,Service
22/12/2024,17:41:59,None,Gloss Varnish,1,$4.54,$0.00,$4.54,Service
22/12/2024,17:41:59,None,Gloss Varnish,1,$4.55,$0.00,$4.55,Service
22/12/2024,16:46:15,Sanrio,Cinna - DIY Figurine Painting Kit,1,$36.31,$0.00,$36.31,Physical Good
22/12/2024,16:45:58,Sanrio,Purin,1,$40.84,$0.00,$40.84,Physical Good
22/12/2024,15:45:22,None,Teddy with Tote -  DIY Plaster Figurine Painting Kit,1,$36.36,$0.00,$36.36,Physical Good
22/12/2024,15:45:22,Sanrio,Cina - Queen,1,$40.91,$0.00,$40.91,Physical Good
22/12/2024,14:03:14,None,Bowtie Cat School Girl - DIY Figurine Painting Kit,2,$81.69,$0.00,$81.69,Physical Good
22/12/2024,13:00:37,Beverages,Drink - Banana Milk,1,$3.75,-$3.75,$0.00,Physical Good
22/12/2024,12:58:39,Beverages,Drink - Banana Milk,1,$3.75,-$3.75,$0.00,Physical Good
22/12/2024,12:31:51,Beverages,Drink - WATER,1,$2.86,-$1.50,$1.36,Physical Good
22/12/2024,11:10:10,None,Cinna the Magician Hat - DIY Plaster Figurine Painting Kit,1,$40.84,$0.00,$40.84,Physical Good
22/12/2024,11:10:10,None,Larva,1,$31.77,$0.00,$31.77,Physical Good
22/12/2024,11:10:10,None,Gloss Varnish,1,$4.54,$0.00,$4.54,Service
22/12/2024,11:10:10,None,Gloss Varnish,1,$4.54,$0.00,$4.54,Service
22/12/2024,10:56:49,None,Larva - laughing,1,$31.77,$0.00,$31.77,Physical Good
22/12/2024,10:56:49,None,Bowtie Cat School Girl - DIY Figurine Painting Kit,1,$40.84,$0.00,$40.84,Physical Good
22/12/2024,10:56:49,None,Capybara TV - DIY Figurine Painting Kit,1,$45.38,$0.00,$45.38,Physical Good
22/12/2024,10:56:49,None,Capybara on Donut - DIY Figurine Painting Kit,1,$45.38,$0.00,$45.38,Physical Good
22/12/2024,10:56:49,Beverages,Drink - WATER,1,$2.72,$0.00,$2.72,Physical Good
22/12/2024,10:56:49,None,Gloss Varnish,1,$4.54,$0.00,$4.54,Service
22/12/2024,10:56:49,None,Gloss Varnish,1,$4.54,$0.00,$4.54,Service
22/12/2024,10:56:49,None,Gloss Varnish,1,$4.54,$0.00,$4.54,Service
22/12/2024,10:56:49,None,Gloss Varnish,1,$4.54,$0.00,$4.54,Service
21/12/2024,23:20:40,None,Gloss Varnish,1,$4.54,$0.00,$4.54,Service
21/12/2024,23:20:14,None,Gloss Varnish,1,$4.54,$0.00,$4.54,Service
21/12/2024,21:56:44,None,Repeat painting,1,$9.08,$0.00,$9.08,Service
21/12/2024,21:47:51,None,Capybara with  Piggy Hat - DIY Figurine Painting,1,$45.38,$0.00,$45.38,Physical Good
21/12/2024,21:47:17,None,Bowtie Cat School Girl - DIY Figurine Painting Kit,1,$40.84,$0.00,$40.84,Physical Good
21/12/2024,21:40:46,None,Repeat painting,1,$9.08,$0.00,$9.08,Service
21/12/2024,21:40:33,None,Repeat painting,1,$9.08,$0.00,$9.08,Service
21/12/2024,21:03:35,None,Gloss Varnish,1,$4.54,$0.00,$4.54,Service
21/12/2024,21:03:35,None,Gloss Varnish,1,$4.54,$0.00,$4.54,Service
21/12/2024,21:00:48,None,Gloss Varnish,1,$4.54,$0.00,$4.54,Service
21/12/2024,20:40:17,None,Gloss Varnish,1,$4.54,$0.00,$4.54,Service
21/12/2024,20:34:15,None,Gloss Varnish,1,$4.54,$0.00,$4.54,Service
21/12/2024,20:34:15,None,Gloss Varnish,1,$4.54,$0.00,$4.54,Service
21/12/2024,20:00:45,None,Gloss Varnish,1,$4.54,$0.00,$4.54,Service
21/12/2024,19:23:16,None,Gloss Varnish,1,$4.54,$0.00,$4.54,Service
21/12/2024,18:34:05,None,Custom Amount,1,$40.84,$0.00,$40.84,
21/12/2024,18:34:05,None,Kuro - Princess,1,$40.85,$0.00,$40.85,Physical Good
21/12/2024,18:33:08,Beverages,Drink - COKE ZERO,1,$2.72,$0.00,$2.72,Physical Good
21/12/2024,18:33:08,Beverages,Drink - Milkis,1,$2.73,$0.00,$2.73,Physical Good
21/12/2024,18:31:51,None,Capybara with  Piggy Hat - DIY Figurine Painting,1,$47.69,-$25.00,$22.69,Physical Good
21/12/2024,18:31:51,None,Capybara - TV,1,$47.69,-$25.00,$22.69,Physical Good
21/12/2024,18:27:21,None,Nami,1,$45.38,$0.00,$45.38,Physical Good
21/12/2024,18:26:08,Sanrio,Kuro - Eclipse,1,$40.84,$0.00,$40.84,Physical Good
21/12/2024,18:13:12,None,Gloss Varnish,1,$4.54,$0.00,$4.54,Service
21/12/2024,18:13:12,None,Gloss Varnish,1,$4.54,$0.00,$4.54,Service
21/12/2024,18:13:12,Beverages,Drink - Banana Milk,1,$3.40,$0.00,$3.40,Physical Good
21/12/2024,17:45:55,None,Cat - Piggy,1,$36.31,$0.00,$36.31,Physical Good
21/12/2024,17:38:39,None,Nami,1,$47.69,-$25.00,$22.69,Physical Good
21/12/2024,17:38:39,None,BuBu LaLa - DIY Figurine Painting Kit,1,$47.69,-$25.00,$22.69,Physical Good
21/12/2024,17:36:43,Sanrio,Mel,1,$38.61,-$25.00,$13.61,Physical Good
21/12/2024,17:26:14,Sanrio,Cina - Queen,1,$40.84,$0.00,$40.84,Physical Good
21/12/2024,17:23:22,None,Gloss Varnish,1,$4.54,$0.00,$4.54,Service
21/12/2024,17:23:22,None,Gloss Varnish,1,$4.54,$0.00,$4.54,Service
21/12/2024,16:55:10,None,Gloss Varnish,1,$4.54,$0.00,$4.54,Service
21/12/2024,16:53:50,None,Capybara - TV,1,$45.38,$0.00,$45.38,Physical Good
21/12/2024,16:53:50,None,Capybara on Donut - DIY Figurine Painting Kit,1,$45.38,$0.00,$45.38,Physical Good
21/12/2024,16:53:50,Beverages,Drink - Banana Milk,1,$3.41,$0.00,$3.41,Physical Good
21/12/2024,16:53:50,Beverages,Drink - COKE,1,$2.72,$0.00,$2.72,Physical Good
21/12/2024,16:53:50,Beverages,Drink - Lipton PEACH,1,$4.54,$0.00,$4.54,Physical Good
21/12/2024,15:58:26,None,Gloss Varnish,1,$4.54,$0.00,$4.54,Service
21/12/2024,15:58:26,None,Gloss Varnish,1,$4.54,$0.00,$4.54,Service
21/12/2024,15:48:16,None,Gloss Varnish,1,$4.54,$0.00,$4.54,Service
21/12/2024,15:30:36,None,Gloss Varnish,1,$4.55,$0.00,$4.55,Service
21/12/2024,15:23:12,None,Gloss Varnish,1,$4.55,$0.00,$4.55,Service
21/12/2024,15:16:32,None,Gloss Varnish,1,$4.54,$0.00,$4.54,Service
21/12/2024,15:07:32,None,Gloss Varnish,1,$4.54,$0.00,$4.54,Service
21/12/2024,14:59:51,Sanrio,Cina,2,$72.61,$0.00,$72.61,Physical Good
21/12/2024,14:27:20,Beverages,Drink - Milkis,1,$2.72,$0.00,$2.72,Physical Good
21/12/2024,14:10:26,None,Gloss Varnish,1,$4.55,$0.00,$4.55,Service
21/12/2024,13:59:36,Beverages,Drink - Lipton LEMON,1,$4.54,$0.00,$4.54,Physical Good
21/12/2024,13:52:06,None,Gloss Varnish,1,$4.54,$0.00,$4.54,Service
21/12/2024,13:36:54,Sanrio,Purin,1,$43.15,-$25.00,$18.15,Physical Good
21/12/2024,13:36:26,None,Capybara on Donut - DIY Figurine Painting Kit,1,$47.69,-$25.00,$22.69,Physical Good
21/12/2024,13:35:02,Beverages,Drink - WATER,1,$2.72,$0.00,$2.72,Physical Good
21/12/2024,13:35:02,Beverages,Drink - Lipton LEMON,1,$4.54,$0.00,$4.54,Physical Good
21/12/2024,13:30:20,None,Dor - Fal,1,$40.84,$0.00,$40.84,Physical Good
21/12/2024,13:10:04,Sanrio,Mel,1,$36.31,$0.00,$36.31,Physical Good
21/12/2024,13:10:04,None,Capybara on Donut - DIY Figurine Painting Kit,1,$45.38,$0.00,$45.38,Physical Good
21/12/2024,13:07:55,Sanrio,Mel - Bowtied,1,$45.00,-$45.00,$0.00,Physical Good
21/12/2024,13:07:55,Sanrio,Kuro - Eclipse,1,$45.00,-$45.00,$0.00,Physical Good
21/12/2024,12:14:28,Sanrio,Mel,1,$36.36,$0.00,$36.36,Physical Good
21/12/2024,12:14:28,Sanrio,Cina,1,$36.37,$0.00,$36.37,Physical Good
21/12/2024,12:11:36,Sanrio,Mel,1,$36.31,$0.00,$36.31,Physical Good
21/12/2024,12:10:39,None,Teddy with Tote -  DIY Plaster Figurine Painting Kit,1,$36.36,$0.00,$36.36,Physical Good
21/12/2024,12:05:42,None,Teddy with Tote -  DIY Plaster Figurine Painting Kit,2,$77.23,-$50.00,$27.23,Physical Good
21/12/2024,11:57:02,None,Teddy with Tote -  DIY Plaster Figurine Painting Kit,1,$36.31,$0.00,$36.31,Physical Good
21/12/2024,11:53:46,None,Nami,1,$45.39,$0.00,$45.39,Physical Good
21/12/2024,11:53:46,Beverages,Drink - Banana Milk,1,$3.40,$0.00,$3.40,Physical Good
20/12/2024,22:42:56,None,Gloss,1,$4.54,$0.00,$4.54,Physical Good
20/12/2024,21:36:13,None,Teddy with Tote -  DIY Plaster Figurine Painting Kit,1,$36.36,$0.00,$36.36,Physical Good
20/12/2024,21:31:19,None,Custom Amount,1,$36.31,$0.00,$36.31,
20/12/2024,21:27:57,None,Repeat painting,1,$9.08,$0.00,$9.08,Service
20/12/2024,20:42:13,None,Capybara the Office Man - DIY Figurine Painting Kit,1,$50.00,-$50.00,$0.00,Physical Good
20/12/2024,20:42:13,None,Capybara on Donut - DIY Figurine Painting Kit,1,$50.00,-$50.00,$0.00,Physical Good
20/12/2024,20:18:26,None,Dor - Fal,1,$40.84,$0.00,$40.84,Physical Good
20/12/2024,20:18:26,None,Rabbit - Glasses,1,$36.31,$0.00,$36.31,Physical Good
20/12/2024,20:07:07,None,Larva - laughing,1,$31.77,$0.00,$31.77,Physical Good
20/12/2024,20:07:07,None,Rabbit - Glasses,1,$36.30,$0.00,$36.30,Physical Good
20/12/2024,19:38:05,None,Teddy with Tote -  DIY Plaster Figurine Painting Kit,1,$36.31,$0.00,$36.31,Physical Good
20/12/2024,19:37:40,None,Teddy with Tote -  DIY Plaster Figurine Painting Kit,1,$36.31,$0.00,$36.31,Physical Good
20/12/2024,19:37:40,Beverages,Drink - WATER,1,$2.72,$0.00,$2.72,Physical Good
20/12/2024,19:14:13,None,Kuro - Princess,1,$40.84,$0.00,$40.84,Physical Good
20/12/2024,19:14:13,None,Kuro - Ice Cream,1,$40.85,$0.00,$40.85,Physical Good
20/12/2024,16:02:42,None,Take-home kit,1,$2.73,$0.00,$2.73,Physical Good
20/12/2024,15:48:48,None,Teddy with Tote -  DIY Plaster Figurine Painting Kit,1,$36.31,$0.00,$36.31,Physical Good
20/12/2024,14:35:33,Beverages,Drink - SPRITE,1,$2.72,$0.00,$2.72,Physical Good
20/12/2024,14:25:07,None,Sleepy Sparkle,2,$72.61,$0.00,$72.61,Physical Good
20/12/2024,14:03:13,Sanrio,Cina,1,$36.31,$0.00,$36.31,Physical Good
20/12/2024,13:16:22,None,Nami,1,$45.45,$0.00,$45.45,Physical Good
20/12/2024,13:15:55,None,Teddy with Tote -  DIY Plaster Figurine Painting Kit,1,$36.36,$0.00,$36.36,Physical Good
20/12/2024,11:20:45,None,Teddy with Tote -  DIY Plaster Figurine Painting Kit,1,$36.36,$0.00,$36.36,Physical Good
20/12/2024,11:20:33,POP MART Character,Dim Dim,1,$45.45,$0.00,$45.45,Physical Good
19/12/2024,20:37:27,None,Gloss Varnish,1,$4.54,$0.00,$4.54,Service
19/12/2024,20:37:27,None,Gloss Varnish,1,$4.54,$0.00,$4.54,Service
19/12/2024,19:32:19,None,Gloss Varnish,1,$4.54,$0.00,$4.54,Service
19/12/2024,18:50:05,None,Gloss Varnish,1,$4.55,$0.00,$4.55,Service
19/12/2024,17:57:23,None,Mel - Necklace,1,$40.84,$0.00,$40.84,Physical Good
19/12/2024,17:57:23,Sanrio,Cina - Queen,1,$40.85,$0.00,$40.85,Physical Good
19/12/2024,17:56:15,Beverages,Drink - SPRITE,1,$3.00,-$3.00,$0.00,Physical Good
19/12/2024,17:51:29,None,Larva - laughing,1,$33.92,-$23.33,$10.59,Physical Good
19/12/2024,17:51:29,None,Teddy with Tote -  DIY Plaster Figurine Painting Kit,1,$38.77,-$26.67,$12.10,Physical Good
19/12/2024,17:32:30,Beverages,Drink - WATER,1,$3.00,-$3.00,$0.00,Physical Good
19/12/2024,16:52:20,None,Capybara Mother & Child - DIY Figurine Painting,1,$54.46,$0.00,$54.46,Physical Good
19/12/2024,16:03:23,POP MART Character,Dim Dim,1,$45.91,-$5.00,$40.91,Physical Good
19/12/2024,16:03:23,None,Teddy with Tote -  DIY Plaster Figurine Painting Kit,1,$36.73,-$4.00,$32.73,Physical Good
19/12/2024,14:20:56,None,Gloss Varnish,1,$4.54,$0.00,$4.54,Service
19/12/2024,14:20:56,None,Gloss Varnish,1,$4.54,$0.00,$4.54,Service
19/12/2024,14:11:14,Sanrio,Cina,1,$36.30,$0.00,$36.30,Physical Good
19/12/2024,14:11:14,Sanrio,Cina - Queen,1,$40.84,$0.00,$40.84,Physical Good
19/12/2024,14:11:14,None,Astro Boy B - DIY Figurine Painting Kit,1,$68.08,$0.00,$68.08,Physical Good
19/12/2024,14:11:14,Beverages,Drink - COKE ZERO,1,$2.72,$0.00,$2.72,Physical Good
19/12/2024,13:46:07,None,Gloss Varnish,1,$4.54,$0.00,$4.54,Service
19/12/2024,13:42:56,None,Gloss Varnish,1,$4.54,$0.00,$4.54,Service
19/12/2024,13:15:05,None,Gloss Varnish,1,$4.54,$0.00,$4.54,Service
19/12/2024,13:14:38,None,Gloss Varnish,1,$4.54,$0.00,$4.54,Service
19/12/2024,12:49:14,None,Capybara with  Piggy Hat - DIY Figurine Painting,1,$45.38,$0.00,$45.38,Physical Good
19/12/2024,12:49:14,Sanrio,Kuro - Eclipse,1,$40.85,$0.00,$40.85,Physical Good
19/12/2024,11:47:15,None,Teddy with Tote -  DIY Plaster Figurine Painting Kit,1,$36.31,$0.00,$36.31,Physical Good
19/12/2024,11:47:15,None,Capybara on Donut - DIY Figurine Painting Kit,1,$45.38,$0.00,$45.38,Physical Good
19/12/2024,11:31:23,Sanrio,Mel,1,$36.31,$0.00,$36.31,Physical Good
19/12/2024,11:31:00,None,Mel - Necklace,1,$40.84,$0.00,$40.84,Physical Good
19/12/2024,11:30:42,None,Piggy - Peachy,1,$36.31,$0.00,$36.31,Physical Good
19/12/2024,11:30:22,None,Strawberry Bear - Balloon,1,$40.84,$0.00,$40.84,Physical Good
18/12/2024,20:45:03,None,Gloss,2,$9.08,$0.00,$9.08,Physical Good
18/12/2024,18:39:24,None,Gloss,2,$9.08,$0.00,$9.08,Physical Good
18/12/2024,18:03:50,Pokemon Characters,Pok - Blas Turtle,1,$47.81,-$26.32,$21.49,Physical Good
18/12/2024,18:03:50,Pokemon Characters,Pok - Pi on Saturn,1,$43.03,-$23.68,$19.35,Physical Good
18/12/2024,17:39:23,None,Gloss Varnish,1,$4.54,$0.00,$4.54,Service
18/12/2024,17:39:04,None,Gloss Varnish,1,$4.54,$0.00,$4.54,Service
18/12/2024,17:38:16,None,Gloss Varnish,1,$4.55,$0.00,$4.55,Service
18/12/2024,17:35:24,None,Gloss Varnish,1,$4.55,$0.00,$4.55,Service
18/12/2024,17:07:09,Beverages,Drink - WATER,1,$2.72,$0.00,$2.72,Physical Good
18/12/2024,17:05:44,None,Gloss Varnish,1,$4.54,$0.00,$4.54,Service
18/12/2024,16:55:42,None,Gloss,1,$4.54,$0.00,$4.54,Physical Good
18/12/2024,16:49:19,None,Rabbit Bowtie - Carrot,1,$40.00,-$40.00,$0.00,Physical Good
18/12/2024,16:29:37,None,Gloss,1,$4.54,$0.00,$4.54,Physical Good
18/12/2024,16:12:36,Beverages,Drink - Milkis,2,$5.45,$0.00,$5.45,Physical Good
18/12/2024,16:11:08,Beverages,Drink - WATER,1,$3.00,-$3.00,$0.00,Physical Good
18/12/2024,16:06:40,None,Capybara with  Piggy Hat - DIY Figurine Painting,2,$90.76,$0.00,$90.76,Physical Good
18/12/2024,15:19:35,Beverages,Drink - COKE,1,$3.00,-$3.00,$0.00,Physical Good
18/12/2024,15:15:29,None,Rabbit – Fish,1,$40.84,$0.00,$40.84,Physical Good
18/12/2024,15:15:07,None,SP - Sailor Moon,1,$45.38,$0.00,$45.38,Physical Good
18/12/2024,15:07:39,None,Larva - laughing,1,$31.77,$0.00,$31.77,Physical Good
18/12/2024,15:07:03,None,Piggy - Peachy,1,$36.31,$0.00,$36.31,Physical Good
18/12/2024,15:05:43,None,Capybara with  Piggy Hat - DIY Figurine Painting,1,$45.38,$0.00,$45.38,Physical Good
18/12/2024,15:05:43,None,Custom Amount,1,$45.38,$0.00,$45.38,
18/12/2024,15:04:38,Beverages,Drink - WATER,1,$2.73,$0.00,$2.73,Physical Good
18/12/2024,15:01:58,None,Dor - Magician hat,1,$40.84,$0.00,$40.84,Physical Good
18/12/2024,15:01:09,None,Dor - Fal,1,$40.91,$0.00,$40.91,Physical Good
18/12/2024,14:48:45,None,Teddy with Tote -  DIY Plaster Figurine Painting Kit,1,$36.31,$0.00,$36.31,Physical Good
18/12/2024,14:48:09,None,Nami,1,$45.38,$0.00,$45.38,Physical Good
18/12/2024,14:38:01,Sanrio,Kuro - Bowtied,1,$40.84,$0.00,$40.84,Physical Good
18/12/2024,14:33:11,None,Cat - Piggy,1,$36.31,$0.00,$36.31,Physical Good
18/12/2024,14:31:58,None,Piggy - Peachy,1,$36.31,$0.00,$36.31,Physical Good
18/12/2024,14:31:38,None,Strawberry Bear - Balloon,1,$40.84,$0.00,$40.84,Physical Good
18/12/2024,14:31:12,Sanrio,Mel - Bowtied,1,$40.84,$0.00,$40.84,Physical Good
18/12/2024,14:30:47,None,Piggy - Birthday,1,$36.31,$0.00,$36.31,Physical Good
18/12/2024,14:26:18,None,Mel - Necklace,1,$40.84,$0.00,$40.84,Physical Good
18/12/2024,14:25:59,None,Teddy with Tote -  DIY Plaster Figurine Painting Kit,1,$36.31,$0.00,$36.31,Physical Good
18/12/2024,14:07:32,None,Gloss Varnish,1,$4.54,$0.00,$4.54,Service
18/12/2024,14:07:32,None,Gloss Varnish,1,$4.55,$0.00,$4.55,Service
18/12/2024,13:51:22,None,SP - Mermaid,1,$47.23,-$20.00,$27.23,Physical Good
18/12/2024,13:46:35,None,Teddy with Tote -  DIY Plaster Figurine Painting Kit,1,$36.31,$0.00,$36.31,Physical Good
18/12/2024,13:46:09,Raws/Kaws,Raws - Furry,1,$45.38,$0.00,$45.38,Physical Good
18/12/2024,13:35:54,None,BuBu LaLa - DIY Figurine Painting Kit,1,$45.45,$0.00,$45.45,Physical Good
18/12/2024,13:34:15,None,Teddy with Tote -  DIY Plaster Figurine Painting Kit,1,$36.36,$0.00,$36.36,Physical Good
18/12/2024,13:34:15,None,Mel - Necklace,1,$40.91,$0.00,$40.91,Physical Good
18/12/2024,13:31:52,SP GIRL - SKULLPANDA,SP - Umbrella,1,$54.46,$0.00,$54.46,Physical Good
18/12/2024,13:31:52,None,Teddy with Tote -  DIY Plaster Figurine Painting Kit,1,$36.30,$0.00,$36.30,Physical Good
18/12/2024,12:53:00,None,Larva - laughing,1,$31.77,$0.00,$31.77,Physical Good
18/12/2024,12:52:32,None,Bowtie Cat School Girl - DIY Figurine Painting Kit,1,$40.84,$0.00,$40.84,Physical Good
18/12/2024,12:51:21,None,Mel - Necklace,1,$40.84,$0.00,$40.84,Physical Good
18/12/2024,12:50:51,Sanrio,Kuro -  King,1,$40.91,$0.00,$40.91,Physical Good
18/12/2024,11:33:22,Sanrio,Cina,1,$36.36,$0.00,$36.36,Physical Good
18/12/2024,11:32:58,Sanrio,Mel,1,$36.36,$0.00,$36.36,Physical Good
17/12/2024,21:44:40,None,Gloss,2,$9.08,$0.00,$9.08,Physical Good
17/12/2024,21:36:42,None,Gloss,4,$18.15,$0.00,$18.15,Physical Good
17/12/2024,19:21:20,Sanrio,Purin,1,$42.82,-$21.43,$21.39,Physical Good
17/12/2024,19:21:20,None,BuBu LaLa,1,$47.58,-$23.81,$23.77,Physical Good
17/12/2024,19:21:20,Beverages,Drink - Lipton PEACH,2,$9.52,-$4.76,$4.76,Physical Good
17/12/2024,18:41:27,None,Teddy with Tote -  DIY Plaster Figurine Painting Kit,1,$36.31,$0.00,$36.31,Physical Good
17/12/2024,18:41:27,None,Capybara - Piggy Hat,1,$45.38,$0.00,$45.38,Physical Good
17/12/2024,18:37:31,None,Capybara - Watermelon,1,$45.38,$0.00,$45.38,Physical Good
17/12/2024,18:37:00,Beverages,Drink - Lipton PEACH,1,$4.54,$0.00,$4.54,Physical Good
17/12/2024,18:35:56,None,Capybara - Glasses Tie,1,$45.84,-$5.00,$40.84,Physical Good
17/12/2024,18:33:19,POP MART Character,Dim Dim,1,$46.30,-$10.00,$36.30,Physical Good
17/12/2024,18:33:19,None,Capybara - Chicken Hat,1,$46.31,-$10.00,$36.31,Physical Good
17/12/2024,18:31:15,None,Capybara - TV,1,$45.38,$0.00,$45.38,Physical Good
17/12/2024,18:25:57,None,Capybara - On Lotus,1,$54.46,$0.00,$54.46,Physical Good
17/12/2024,18:02:19,None,Gloss Varnish,1,$4.54,$0.00,$4.54,Service
17/12/2024,18:02:19,None,Gloss Varnish,1,$4.54,$0.00,$4.54,Service
17/12/2024,15:47:44,None,Teddy with Tote -  DIY Plaster Figurine Painting Kit,2,$72.61,$0.00,$72.61,Physical Good
17/12/2024,15:47:44,Beverages,Drink - COKE,1,$2.72,$0.00,$2.72,Physical Good
17/12/2024,15:42:43,None,Gloss Varnish,1,$4.54,$0.00,$4.54,Service
17/12/2024,15:40:21,None,Gloss Varnish,1,$4.54,$0.00,$4.54,Service
17/12/2024,14:41:01,None,Larva - laughing,1,$31.77,$0.00,$31.77,Physical Good
17/12/2024,14:40:29,None,Rabbit – Fish,1,$40.91,$0.00,$40.91,Physical Good
17/12/2024,13:56:34,None,Capybara - Piggy Hat,1,$45.38,$0.00,$45.38,Physical Good
17/12/2024,13:52:31,None,Larva - Open Mouth B,1,$31.77,$0.00,$31.77,Physical Good
17/12/2024,12:00:15,Sanrio,Cina - Queen,1,$43.24,-$25.96,$17.28,Physical Good
17/12/2024,12:00:15,None,Teddy with Tote -  DIY Plaster Figurine Painting Kit,1,$38.44,-$23.08,$15.36,Physical Good
17/12/2024,12:00:15,Sanrio,Mel - Bowtied,1,$43.24,-$25.96,$17.28,Physical Good
17/12/2024,11:31:21,None,Teddy with Tote -  DIY Plaster Figurine Painting Kit,1,$36.31,$0.00,$36.31,Physical Good
17/12/2024,11:30:52,None,Larva,1,$31.77,$0.00,$31.77,Physical Good
17/12/2024,11:30:52,Beverages,Drink - Lipton PEACH,1,$4.54,$0.00,$4.54,Physical Good
17/12/2024,11:30:26,None,Capybara - Lucky Wish,1,$45.38,$0.00,$45.38,Physical Good
16/12/2024,21:47:21,None,Gloss Varnish,1,$4.54,$0.00,$4.54,Service
16/12/2024,21:47:21,None,Gloss Varnish,1,$4.54,$0.00,$4.54,Service
16/12/2024,20:08:08,None,Teddy with Tote -  DIY Plaster Figurine Painting Kit,1,$36.30,$0.00,$36.30,Physical Good
16/12/2024,20:08:08,None,Capybara - On Lotus,1,$54.46,$0.00,$54.46,Physical Good
16/12/2024,19:36:51,None,Larva - Open mouth A,1,$31.77,$0.00,$31.77,Physical Good
16/12/2024,19:35:44,None,Larva - Open Mouth B,1,$31.77,$0.00,$31.77,Physical Good
16/12/2024,17:14:11,None,Gloss Varnish,1,$4.54,$0.00,$4.54,Service
16/12/2024,15:48:45,None,Gloss Varnish,1,$4.54,$0.00,$4.54,Service
16/12/2024,15:35:06,None,Rabbit – Fish,1,$40.84,$0.00,$40.84,Physical Good
16/12/2024,15:34:52,Sanrio,Cina,1,$36.31,$0.00,$36.31,Physical Good
16/12/2024,13:53:25,None,Extra Paints,3,$8.17,$0.00,$8.17,Physical Good
16/12/2024,13:52:25,Raws/Kaws,Raws - Furry,1,$45.38,$0.00,$45.38,Physical Good
16/12/2024,13:39:08,None,Strawberry Bear - Waving,1,$40.91,$0.00,$40.91,Physical Good
16/12/2024,13:39:08,Sanrio,Mel - Bowtied,1,$40.91,$0.00,$40.91,Physical Good
16/12/2024,13:32:21,None,Piggy - Peachy,1,$36.31,$0.00,$36.31,Physical Good
16/12/2024,12:50:07,None,Kuro - Princess,1,$40.91,$0.00,$40.91,Physical Good
16/12/2024,12:49:36,Sanrio,Cina - Bowtied,1,$40.91,$0.00,$40.91,Physical Good
16/12/2024,11:21:27,None,Capybara - Mother & Child,1,$54.46,$0.00,$54.46,Physical Good
16/12/2024,10:14:11,Beverages,Drink - WATER,1,$2.86,-$1.50,$1.36,Physical Good
15/12/2024,19:58:18,None,Gloss Varnish,1,$4.54,$0.00,$4.54,Service
15/12/2024,19:58:18,None,Gloss Varnish,1,$4.54,$0.00,$4.54,Service
15/12/2024,19:58:18,None,Gloss Varnish,1,$4.53,$0.00,$4.53,Service
15/12/2024,18:29:35,None,Gloss Varnish,1,$4.54,$0.00,$4.54,Service
15/12/2024,18:09:20,None,Capybara - On Lotus,1,$54.46,$0.00,$54.46,Physical Good
15/12/2024,18:09:20,Sanrio,Cina - Queen,1,$40.84,$0.00,$40.84,Physical Good
15/12/2024,18:06:17,None,Capybara - Piggy Hat,1,$45.38,$0.00,$45.38,Physical Good
15/12/2024,17:34:36,Beverages,Drink - Banana Milk,1,$3.75,-$3.75,$0.00,Physical Good
15/12/2024,17:08:38,Beverages,Drink - COKE,1,$2.72,$0.00,$2.72,Physical Good
15/12/2024,17:08:38,Beverages,Drink - Lipton PEACH,1,$4.54,$0.00,$4.54,Physical Good
15/12/2024,16:24:13,None,Gloss Varnish,1,$4.54,$0.00,$4.54,Service
15/12/2024,15:48:26,None,Teddy with Tote -  DIY Plaster Figurine Painting Kit,1,$36.31,$0.00,$36.31,Physical Good
15/12/2024,15:27:11,None,Custom Amount,1,$40.84,$0.00,$40.84,
15/12/2024,15:27:00,None,Custom Amount,1,$40.84,$0.00,$40.84,
15/12/2024,15:16:40,Sanrio,Cinna,1,$36.30,$0.00,$36.30,Physical Good
15/12/2024,15:16:40,Beverages,Drink - Milkis,1,$2.72,$0.00,$2.72,Physical Good
15/12/2024,15:16:40,Beverages,Drink - WATER,1,$2.73,$0.00,$2.73,Physical Good
15/12/2024,15:10:18,None,Capybara - Mother & Child,1,$55.01,-$6.00,$49.01,Physical Good
15/12/2024,14:37:31,Sanrio,Cinna,1,$36.31,$0.00,$36.31,Physical Good
15/12/2024,14:35:39,None,Custom Amount,1,$181.82,$0.00,$181.82,
15/12/2024,14:35:39,Sanrio,Cina - Princess,1,$40.91,$0.00,$40.91,Physical Good
15/12/2024,14:35:39,None,Teddy with Tote -  DIY Plaster Figurine Painting Kit,1,$36.36,$0.00,$36.36,Physical Good
15/12/2024,14:23:49,None,Teddy with Tote -  DIY Plaster Figurine Painting Kit,1,$36.30,$0.00,$36.30,Physical Good
15/12/2024,14:23:49,Beverages,Drink - Lipton LEMON,1,$4.54,$0.00,$4.54,Physical Good
15/12/2024,14:19:59,None,Teddy with Tote -  DIY Plaster Figurine Painting Kit,1,$36.31,$0.00,$36.31,Physical Good
15/12/2024,14:19:01,None,Capybara - Piggy Hat,1,$45.38,$0.00,$45.38,Physical Good
15/12/2024,13:41:49,None,Kuro - Princess,1,$40.84,$0.00,$40.84,Physical Good
15/12/2024,13:41:49,Beverages,Drink - Lipton PEACH,1,$4.54,$0.00,$4.54,Physical Good
15/12/2024,13:02:24,Raws/Kaws,Raws - Furry,1,$47.81,-$26.32,$21.49,Physical Good
15/12/2024,13:02:24,None,Bowtie Cat - School Girl,1,$43.03,-$23.68,$19.35,Physical Good
15/12/2024,12:48:18,None,Capybara - Bathtub,1,$45.45,$0.00,$45.45,Physical Good
15/12/2024,12:47:49,None,Capybara - Bathtub,1,$45.45,$0.00,$45.45,Physical Good
15/12/2024,12:16:08,Sanrio,Cinna,1,$36.36,$0.00,$36.36,Physical Good
15/12/2024,12:15:00,None,Mel - Necklace,1,$40.91,$0.00,$40.91,Physical Good
15/12/2024,11:55:32,Sanrio,Cina - Queen,1,$40.84,$0.00,$40.84,Physical Good
15/12/2024,11:55:32,Sanrio,Cinna,1,$36.31,$0.00,$36.31,Physical Good
15/12/2024,10:50:20,Beverages,Drink - WATER,1,$2.86,-$1.50,$1.36,Physical Good
14/12/2024,23:04:50,None,Take-home kit,1,$2.72,$0.00,$2.72,Physical Good
14/12/2024,23:04:50,None,Gloss Varnish,1,$4.54,$0.00,$4.54,Service
14/12/2024,21:51:50,None,Capybara - Piggy Hat,1,$50.00,-$50.00,$0.00,Physical Good
14/12/2024,21:39:56,None,Gloss Varnish,1,$4.54,$0.00,$4.54,Service
14/12/2024,20:45:23,None,Gloss Varnish,1,$4.54,$0.00,$4.54,Service
14/12/2024,20:09:00,None,Dor - Fal,1,$40.84,$0.00,$40.84,Physical Good
14/12/2024,20:08:45,None,Teddy with Tote -  DIY Plaster Figurine Painting Kit,1,$36.31,$0.00,$36.31,Physical Good
14/12/2024,20:06:50,POP MART Character,Dim Dim,1,$45.38,$0.00,$45.38,Physical Good
14/12/2024,20:06:50,None,SP - Sailor Moon,1,$45.38,$0.00,$45.38,Physical Good
14/12/2024,19:59:27,None,Gloss Varnish,-1,-$4.55,$0.00,-$4.55,Service
14/12/2024,19:59:27,None,Gloss Varnish,-1,-$4.54,$0.00,-$4.54,Service
14/12/2024,19:17:54,Beverages,Drink - COKE ZERO,1,$2.72,$0.00,$2.72,Physical Good
14/12/2024,19:17:40,None,Gloss Varnish,1,$4.54,$0.00,$4.54,Service
14/12/2024,19:17:30,None,Gloss Varnish,1,$4.54,$0.00,$4.54,Service
14/12/2024,18:46:33,None,Custom Amount,1,$8.17,$0.00,$8.17,
14/12/2024,18:45:17,None,Gloss Varnish,1,$4.54,$0.00,$4.54,Service
14/12/2024,18:45:17,None,Gloss Varnish,1,$4.55,$0.00,$4.55,Service
14/12/2024,18:24:38,None,Gloss Varnish,1,$4.54,$0.00,$4.54,Service
14/12/2024,17:40:57,None,Teddy with Tote -  DIY Plaster Figurine Painting Kit,1,$36.31,$0.00,$36.31,Physical Good
14/12/2024,17:40:33,None,Teddy with Tote -  DIY Plaster Figurine Painting Kit,1,$36.31,$0.00,$36.31,Physical Good
14/12/2024,17:25:35,None,SP - Sailor Moon,1,$45.38,$0.00,$45.38,Physical Good
14/12/2024,17:25:35,Sanrio,Cinna,1,$36.31,$0.00,$36.31,Physical Good
14/12/2024,16:53:35,None,Cina – Magician Hat,1,$40.84,$0.00,$40.84,Physical Good
14/12/2024,16:53:35,Sanrio,Kuro -  King,1,$40.85,$0.00,$40.85,Physical Good
14/12/2024,16:45:05,None,Bowtie Cat - School Girl,1,$40.84,$0.00,$40.84,Physical Good
14/12/2024,16:30:22,None,SP - Mermaid,1,$45.38,$0.00,$45.38,Physical Good
14/12/2024,16:30:22,Beverages,Drink - SPRITE,1,$2.72,$0.00,$2.72,Physical Good
14/12/2024,15:54:33,None,Piggy – Happy,1,$36.30,$0.00,$36.30,Physical Good
14/12/2024,15:54:33,None,Piggy - Peachy,1,$36.31,$0.00,$36.31,Physical Good
14/12/2024,15:52:16,None,Larva - laughing,1,$31.77,$0.00,$31.77,Physical Good
14/12/2024,15:52:16,None,Gloss Varnish,1,$4.54,$0.00,$4.54,Service
14/12/2024,15:51:44,None,SP - Sailor Moon,1,$45.38,$0.00,$45.38,Physical Good
14/12/2024,15:51:44,None,Gloss Varnish,1,$4.54,$0.00,$4.54,Service
14/12/2024,15:50:29,None,Custom Amount,1,$367.67,-$50.00,$317.67,
14/12/2024,15:24:02,None,Gloss Varnish,1,$4.54,$0.00,$4.54,Service
14/12/2024,15:23:47,None,Gloss Varnish,1,$4.54,$0.00,$4.54,Service
14/12/2024,15:23:34,None,Gloss Varnish,1,$4.54,$0.00,$4.54,Service
14/12/2024,15:21:40,None,Capybara - Lucky Wish,1,$45.38,$0.00,$45.38,Physical Good
14/12/2024,15:21:40,None,Capybara - On Lotus,1,$54.46,$0.00,$54.46,Physical Good
14/12/2024,14:42:04,Beverages,Drink - Milkis,1,$2.72,$0.00,$2.72,Physical Good
14/12/2024,13:57:58,Sanrio,Mel - Bowtied,1,$43.15,-$25.00,$18.15,Physical Good
14/12/2024,13:57:34,None,SP - Sailor Moon,1,$47.69,-$25.00,$22.69,Physical Good
14/12/2024,13:44:16,None,Capybara - Mother & Child,1,$54.46,$0.00,$54.46,Physical Good
14/12/2024,12:55:52,None,Capybara - Piggy Hat,1,$45.38,$0.00,$45.38,Physical Good
14/12/2024,12:55:24,None,Teddy with Tote -  DIY Plaster Figurine Painting Kit,1,$36.31,$0.00,$36.31,Physical Good
14/12/2024,12:54:56,Sanrio,Mel - Bowtied,1,$40.84,$0.00,$40.84,Physical Good
14/12/2024,12:20:11,Sanrio,Mel,1,$36.31,$0.00,$36.31,Physical Good
14/12/2024,12:11:40,Beverages,Drink - WATER,1,$2.86,-$1.50,$1.36,Physical Good
14/12/2024,11:08:15,Pokemon Characters,Pok - Pi on Saturn,1,$40.84,$0.00,$40.84,Physical Good
14/12/2024,11:08:15,None,Gloss Varnish,1,$4.54,$0.00,$4.54,Service
13/12/2024,21:47:34,Halloween,Halloween - Pumpkin Man,1,$45.00,-$45.00,$0.00,Physical Good
13/12/2024,20:46:17,None,Totoro,1,$43.29,-$26.47,$16.82,Physical Good
13/12/2024,20:46:17,Sanrio,Cinna,1,$38.48,-$23.53,$14.95,Physical Good
13/12/2024,19:36:37,Sanrio,Mel,1,$36.30,$0.00,$36.30,Physical Good
13/12/2024,19:36:37,None,Dino,1,$36.31,$0.00,$36.31,Physical Good
13/12/2024,19:26:06,None,Gloss Varnish,1,$4.54,$0.00,$4.54,Service
13/12/2024,19:26:06,None,Gloss Varnish,1,$4.54,$0.00,$4.54,Service
13/12/2024,17:40:13,None,Gloss Varnish,1,$4.54,$0.00,$4.54,Service
13/12/2024,17:08:33,None,Teddy with Tote -  DIY Plaster Figurine Painting Kit,1,$36.31,$0.00,$36.31,Physical Good
13/12/2024,17:06:09,Sanrio,Kuro - Clown Hat,1,$45.00,-$45.00,$0.00,Physical Good
13/12/2024,16:47:37,Beverages,Drink - WATER,1,$2.72,$0.00,$2.72,Physical Good
13/12/2024,16:47:37,Beverages,Drink - Banana Milk,1,$3.41,$0.00,$3.41,Physical Good
13/12/2024,16:45:54,Raws/Kaws,Raws - Furry,1,$45.38,$0.00,$45.38,Physical Good
13/12/2024,16:45:54,Sanrio,Kuro – Magician Hat,1,$40.85,$0.00,$40.85,Physical Good
13/12/2024,16:10:22,None,Gloss Varnish,1,$4.54,$0.00,$4.54,Service
13/12/2024,16:10:22,None,Gloss Varnish,1,$4.54,$0.00,$4.54,Service
13/12/2024,16:10:22,None,Gloss Varnish,1,$4.53,$0.00,$4.53,Service
13/12/2024,14:34:23,Sanrio,Cina - Queen,1,$40.84,$0.00,$40.84,Physical Good
13/12/2024,14:34:23,Pokemon Characters,Pok - Pi on Saturn,1,$40.84,$0.00,$40.84,Physical Good
13/12/2024,14:34:23,Sanrio,Mel,1,$36.31,$0.00,$36.31,Physical Good
13/12/2024,14:13:02,Couple,Couple - Banana,1,$49.92,$0.00,$49.92,Physical Good
13/12/2024,13:42:39,None,Nami,1,$45.38,$0.00,$45.38,Physical Good
13/12/2024,13:42:39,None,BuBu LaLa,1,$45.38,$0.00,$45.38,Physical Good
13/12/2024,13:29:04,None,Gloss Varnish,1,$4.54,$0.00,$4.54,Service
13/12/2024,11:45:13,None,Nami,1,$45.38,$0.00,$45.38,Physical Good
13/12/2024,11:26:44,Beverages,Drink - WATER,1,$2.86,-$1.50,$1.36,Physical Good
12/12/2024,19:38:19,None,Gloss Varnish,1,$4.54,$0.00,$4.54,Service
12/12/2024,19:23:22,None,Gloss Varnish,1,$4.54,$0.00,$4.54,Service
12/12/2024,19:16:49,None,Gloss Varnish,1,$4.54,$0.00,$4.54,Service
12/12/2024,18:53:30,None,Gloss Varnish,1,$4.54,$0.00,$4.54,Service
12/12/2024,18:40:18,None,Gloss Varnish,1,$4.54,$0.00,$4.54,Service
12/12/2024,18:40:18,None,Gloss Varnish,1,$4.54,$0.00,$4.54,Service
12/12/2024,18:40:18,None,Gloss Varnish,1,$4.53,$0.00,$4.53,Service
12/12/2024,18:27:23,None,Gloss Varnish,1,$4.54,$0.00,$4.54,Service
12/12/2024,18:27:23,None,Gloss Varnish,1,$4.54,$0.00,$4.54,Service
12/12/2024,17:50:54,None,Astro Boy - B,1,$75.00,-$75.00,$0.00,Physical Good
12/12/2024,17:15:56,None,Rabbit – Fish,1,$40.84,$0.00,$40.84,Physical Good
12/12/2024,17:15:56,None,Teddy with Tote,1,$36.31,$0.00,$36.31,Physical Good
12/12/2024,16:54:33,None,Gloss Varnish,1,$4.54,$0.00,$4.54,Service
12/12/2024,16:54:22,None,Gloss Varnish,1,$4.54,$0.00,$4.54,Service
12/12/2024,16:17:37,None,Teddy with Tote,1,$36.31,$0.00,$36.31,Physical Good
12/12/2024,16:17:37,None,Totoro,1,$40.84,$0.00,$40.84,Physical Good
12/12/2024,15:58:53,None,Gloss Varnish,1,$4.54,$0.00,$4.54,Service
12/12/2024,15:58:53,None,Gloss Varnish,1,$4.54,$0.00,$4.54,Service
12/12/2024,15:20:28,SP GIRL - SKULLPANDA,SP - Umbrella,1,$60.00,-$60.00,$0.00,Physical Good
12/12/2024,15:18:57,POP MART Character,Dim Dim,1,$45.38,$0.00,$45.38,Physical Good
12/12/2024,15:02:55,None,SP - Sailor Moon,1,$45.38,$0.00,$45.38,Physical Good
12/12/2024,15:02:55,Beverages,Drink - WATER,1,$2.72,$0.00,$2.72,Physical Good
12/12/2024,15:02:31,None,SP - Sailor Moon,1,$45.38,$0.00,$45.38,Physical Good
12/12/2024,15:01:51,None,Teddy with Tote,1,$36.31,$0.00,$36.31,Physical Good
12/12/2024,15:01:51,None,Capybara - On Lotus,1,$54.46,$0.00,$54.46,Physical Good
12/12/2024,15:01:51,None,Totoro,1,$40.84,$0.00,$40.84,Physical Good
12/12/2024,14:54:43,Couple,Couple - Banana,1,$49.92,$0.00,$49.92,Physical Good
12/12/2024,14:41:31,None,Gloss Varnish,1,$4.54,$0.00,$4.54,Service
12/12/2024,14:37:25,None,SP - Sailor Moon,1,$47.95,-$27.78,$20.17,Physical Good
12/12/2024,14:37:25,Sanrio,Cina,1,$38.36,-$22.22,$16.14,Physical Good
12/12/2024,14:22:00,None,Gloss Varnish,1,$4.54,$0.00,$4.54,Service
12/12/2024,14:20:56,None,Gloss Varnish,1,$4.54,$0.00,$4.54,Service
12/12/2024,14:16:30,None,Repeat painting,1,$9.08,$0.00,$9.08,Service
12/12/2024,14:16:30,None,Repeat painting,1,$9.08,$0.00,$9.08,Service
12/12/2024,14:16:30,None,Repeat painting,1,$9.07,$0.00,$9.07,Service
12/12/2024,14:13:09,None,Piggy - Birthday,1,$36.31,$0.00,$36.31,Physical Good
12/12/2024,14:12:39,Sanrio,Cina,1,$36.31,$0.00,$36.31,Physical Good
12/12/2024,14:03:25,None,Gloss Varnish,1,$4.54,$0.00,$4.54,Service
12/12/2024,14:03:25,None,Gloss Varnish,1,$4.54,$0.00,$4.54,Service
12/12/2024,13:59:26,None,Gloss Varnish,1,$4.54,$0.00,$4.54,Service
12/12/2024,13:59:05,Beverages,Drink - Lipton PEACH,1,$4.54,$0.00,$4.54,Physical Good
12/12/2024,13:38:40,None,Gloss Varnish,1,$4.54,$0.00,$4.54,Service
12/12/2024,13:38:40,None,Gloss Varnish,1,$4.54,$0.00,$4.54,Service
12/12/2024,13:06:01,Beverages,Drink - Banana Milk,1,$3.75,-$3.75,$0.00,Physical Good
12/12/2024,12:51:30,Sanrio,Mel,1,$36.31,$0.00,$36.31,Physical Good
12/12/2024,12:51:03,None,Rabbit Bowtie - Carrot,1,$36.31,$0.00,$36.31,Physical Good
12/12/2024,12:50:32,None,Larva - laughing,1,$33.76,-$21.60,$12.16,Physical Good
12/12/2024,12:50:32,Couple,Couple - Banana,2,$106.11,-$67.90,$38.21,Physical Good
12/12/2024,12:50:32,None,Teddy with Tote,2,$77.17,-$49.38,$27.79,Physical Good
12/12/2024,12:50:32,Halloween,Halloween - Pumpkin Man,1,$43.41,-$27.78,$15.63,Physical Good
12/12/2024,12:50:32,None,Larva,1,$33.76,-$21.61,$12.15,Physical Good
12/12/2024,12:50:32,None,Capybara - Piggy Hat,2,$96.47,-$61.73,$34.74,Physical Good
12/12/2024,12:46:30,None,Larva,1,$31.77,$0.00,$31.77,Physical Good
12/12/2024,12:46:30,Sanrio,Mel,1,$36.30,$0.00,$36.30,Physical Good
12/12/2024,12:20:21,None,Capybara - Piggy Hat,1,$45.38,$0.00,$45.38,Physical Good
12/12/2024,12:20:21,Raws/Kaws,Raws - Furry,1,$45.38,$0.00,$45.38,Physical Good
11/12/2024,17:10:22,None,Gloss Varnish,1,$4.54,$0.00,$4.54,Service
11/12/2024,16:59:37,None,Gloss Varnish,1,$4.54,$0.00,$4.54,Service
11/12/2024,16:57:23,Sanrio,Kuro -  King,1,$45.00,-$45.00,$0.00,Physical Good
11/12/2024,16:50:21,Sanrio,Mel,1,$38.61,-$25.00,$13.61,Physical Good
11/12/2024,16:48:11,None,Gloss Varnish,1,$4.54,$0.00,$4.54,Service
11/12/2024,15:49:54,None,Gloss Varnish,1,$4.54,$0.00,$4.54,Service
11/12/2024,15:49:54,None,Gloss Varnish,1,$4.54,$0.00,$4.54,Service
11/12/2024,15:49:54,None,Gloss Varnish,1,$4.53,$0.00,$4.53,Service
11/12/2024,14:43:37,None,Gloss Varnish,1,$4.54,$0.00,$4.54,Service
11/12/2024,14:27:31,None,Gloss Varnish,1,$4.54,$0.00,$4.54,Service
11/12/2024,14:23:28,None,Larva - laughing,1,$31.77,$0.00,$31.77,Physical Good
11/12/2024,14:23:09,Raws/Kaws,Raws - Furry,1,$45.38,$0.00,$45.38,Physical Good
11/12/2024,14:22:36,Sanrio,Cina,1,$36.31,$0.00,$36.31,Physical Good
11/12/2024,13:46:28,None,Totoro,1,$40.84,$0.00,$40.84,Physical Good
11/12/2024,13:46:28,None,Bowtie Cat - School Girl,1,$40.85,$0.00,$40.85,Physical Good
11/12/2024,13:45:46,Sanrio,Cina - Queen,1,$40.84,$0.00,$40.84,Physical Good
11/12/2024,13:45:46,None,Dor - Fal,1,$36.31,$0.00,$36.31,Physical Good
11/12/2024,12:59:52,None,Larva - Open mouth A,1,$33.79,-$21.88,$11.91,Physical Good
11/12/2024,12:59:52,None,Dor - Magician hat,1,$43.44,-$28.12,$15.32,Physical Good
11/12/2024,12:51:45,Couple,Couple - Banana,1,$49.92,$0.00,$49.92,Physical Good
11/12/2024,12:51:16,SP GIRL - SKULLPANDA,SP - Umbrella,1,$54.46,$0.00,$54.46,Physical Good
11/12/2024,12:51:16,Beverages,Drink - Lipton LEMON,1,$4.54,$0.00,$4.54,Physical Good
11/12/2024,12:42:36,None,Cina – Magician Hat,1,$40.84,$0.00,$40.84,Physical Good
11/12/2024,12:42:21,None,Teddy with Tote,1,$36.31,$0.00,$36.31,Physical Good
11/12/2024,11:12:41,None,Capybara - Piggy Hat,1,$45.38,$0.00,$45.38,Physical Good
11/12/2024,11:12:41,None,Teddy with Tote,1,$36.30,$0.00,$36.30,Physical Good
11/12/2024,11:12:41,Beverages,Drink - Lipton PEACH,2,$9.08,$0.00,$9.08,Physical Good
10/12/2024,18:32:29,None,SP - Mermaid,1,$45.38,$0.00,$45.38,Physical Good
10/12/2024,18:32:04,None,Nami,1,$45.38,$0.00,$45.38,Physical Good
10/12/2024,18:31:27,None,Capybara - On Lotus,1,$54.46,$0.00,$54.46,Physical Good
10/12/2024,18:31:02,None,Piggy - Birthday,1,$36.31,$0.00,$36.31,Physical Good
10/12/2024,17:39:01,None,Gloss Varnish,1,$4.54,$0.00,$4.54,Service
10/12/2024,16:56:59,None,Dor - Fal,1,$36.31,$0.00,$36.31,Physical Good
10/12/2024,16:56:59,None,Astronaut - Cat Lady,1,$45.38,$0.00,$45.38,Physical Good
10/12/2024,16:56:59,Couple,Couple - Banana,1,$49.92,$0.00,$49.92,Physical Good
10/12/2024,16:07:29,None,Teddy with Tote,1,$36.31,$0.00,$36.31,Physical Good
10/12/2024,16:07:29,None,Kuro - Princess,1,$40.84,$0.00,$40.84,Physical Good
10/12/2024,15:34:34,None,Totoro,1,$43.16,-$25.00,$18.16,Physical Good
10/12/2024,15:34:34,None,Rabbit – Fish,1,$43.15,-$25.00,$18.15,Physical Good
10/12/2024,14:27:29,None,Repeat painting,1,$9.08,$0.00,$9.08,Service
10/12/2024,14:17:37,None,Nami,1,$45.38,$0.00,$45.38,Physical Good
10/12/2024,14:16:59,Raws/Kaws,Raws - Furry,-1,-$45.38,$0.00,-$45.38,Physical Good
10/12/2024,14:14:18,Raws/Kaws,Raws - Furry,1,$45.38,$0.00,$45.38,Physical Good
10/12/2024,14:12:56,Sanrio,Kuro -  King,1,$40.84,$0.00,$40.84,Physical Good
10/12/2024,14:12:56,Sanrio,Kuro - Eclipse,1,$40.85,$0.00,$40.85,Physical Good
10/12/2024,13:34:27,Couple,Couple - Banana,1,$49.92,$0.00,$49.92,Physical Good
10/12/2024,13:34:09,None,Piggy - Birthday,1,$36.31,$0.00,$36.31,Physical Good
10/12/2024,12:07:17,None,Bowtie Cat - School Girl,1,$40.84,$0.00,$40.84,Physical Good
9/12/2024,20:32:03,None,Gloss Varnish,1,$4.54,$0.00,$4.54,Service
9/12/2024,20:31:51,None,Gloss Varnish,1,$4.54,$0.00,$4.54,Service
9/12/2024,20:31:05,None,Gloss Varnish,1,$4.54,$0.00,$4.54,Service
9/12/2024,20:17:59,None,Gloss Varnish,1,$4.54,$0.00,$4.54,Service
9/12/2024,17:59:22,Beverages,Drink - SPRITE,1,$2.72,$0.00,$2.72,Physical Good
9/12/2024,17:43:34,None,Teddy with Tote,1,$36.31,$0.00,$36.31,Physical Good
9/12/2024,17:43:20,Sanrio,Cina,1,$36.31,$0.00,$36.31,Physical Good
9/12/2024,17:43:07,Sanrio,Cina - Bowtied,1,$40.84,$0.00,$40.84,Physical Good
9/12/2024,17:42:40,None,Mel - Necklace,1,$40.84,$0.00,$40.84,Physical Good
9/12/2024,16:55:35,None,Gloss Varnish,1,$4.54,$0.00,$4.54,Service
9/12/2024,16:55:35,None,Gloss Varnish,1,$4.54,$0.00,$4.54,Service
9/12/2024,16:33:09,None,Nami,1,$45.38,$0.00,$45.38,Physical Good
9/12/2024,16:12:54,None,Nami,1,$45.38,$0.00,$45.38,Physical Good
9/12/2024,16:07:07,Beverages,Drink - WATER,1,$2.72,$0.00,$2.72,Physical Good
9/12/2024,15:32:26,None,Piggy - Peachy,1,$40.00,-$40.00,$0.00,Physical Good
9/12/2024,15:31:24,None,Custom Amount,1,$40.84,$0.00,$40.84,
9/12/2024,15:09:56,None,Gloss Varnish,1,$4.54,$0.00,$4.54,Service
9/12/2024,15:09:56,None,Gloss Varnish,1,$4.54,$0.00,$4.54,Service
9/12/2024,14:41:46,None,Rabbit Bowtie - Carrot,1,$36.30,$0.00,$36.30,Physical Good
9/12/2024,14:41:46,Beverages,Drink - Milkis,1,$2.72,$0.00,$2.72,Physical Good
9/12/2024,14:41:46,None,Sleepy Sparkle,1,$36.31,$0.00,$36.31,Physical Good
9/12/2024,14:41:46,None,Custom Amount,1,$27.23,$0.00,$27.23,
9/12/2024,14:22:46,Beverages,Drink - Banana Milk,1,$3.40,$0.00,$3.40,Physical Good
9/12/2024,14:21:05,None,Capybara - Glasses Tie,1,$45.38,$0.00,$45.38,Physical Good
9/12/2024,14:21:05,None,Rabbit – Fish,1,$40.85,$0.00,$40.85,Physical Good
9/12/2024,14:19:16,Beverages,Drink - COKE,1,$2.72,$0.00,$2.72,Physical Good
9/12/2024,14:13:49,Couple,Couple - Banana,1,$49.92,$0.00,$49.92,Physical Good
9/12/2024,14:13:49,None,Gloss Varnish,1,$4.54,$0.00,$4.54,Service
9/12/2024,14:03:47,None,BuBu LaLa,1,$45.38,$0.00,$45.38,Physical Good
9/12/2024,14:02:58,None,Mel - Necklace,1,$40.84,$0.00,$40.84,Physical Good
9/12/2024,13:45:45,Beverages,Drink - Banana Milk,1,$3.40,$0.00,$3.40,Physical Good
9/12/2024,13:42:23,None,Soy Milk,1,$4.54,$0.00,$4.54,Physical Good
9/12/2024,13:39:15,None,Larva - Open Mouth B,1,$31.77,$0.00,$31.77,Physical Good
9/12/2024,13:39:15,Beverages,Drink - Lipton PEACH,1,$4.54,$0.00,$4.54,Physical Good
9/12/2024,13:37:32,None,Teddy with Tote,1,$36.31,$0.00,$36.31,Physical Good
9/12/2024,13:36:08,None,Teddy with Tote,1,$36.31,$0.00,$36.31,Physical Good
9/12/2024,12:40:36,None,Bear - Sleeping,1,$36.30,$0.00,$36.30,Physical Good
9/12/2024,12:40:36,None,Teddy with Tote,1,$36.31,$0.00,$36.31,Physical Good
9/12/2024,12:16:06,Beverages,Drink - WATER,1,$2.86,-$1.50,$1.36,Physical Good
9/12/2024,12:14:36,None,Totoro,1,$40.84,$0.00,$40.84,Physical Good
9/12/2024,12:13:21,None,Capybara - Piggy Hat,1,$47.69,-$25.00,$22.69,Physical Good
9/12/2024,12:12:44,None,Astronaut - Cat Lady,1,$47.69,-$25.00,$22.69,Physical Good
9/12/2024,12:12:19,SP GIRL - SKULLPANDA,SP - Cat,1,$43.15,-$25.00,$18.15,Physical Good
9/12/2024,12:11:32,None,Larva - Open Mouth B,1,$34.08,-$25.00,$9.08,Physical Good
9/12/2024,12:11:05,None,Capybara - Turtle Hat,1,$47.69,-$25.00,$22.69,Physical Good
9/12/2024,12:10:34,None,Mel - Necklace,1,$43.15,-$25.00,$18.15,Physical Good
9/12/2024,12:10:07,None,Kuro - Ice Cream,1,$43.01,-$23.44,$19.57,Physical Good
9/12/2024,12:10:07,Beverages,Drink - WATER,1,$2.87,-$1.56,$1.31,Physical Good
9/12/2024,12:09:24,SP GIRL - SKULLPANDA,SP - Cat,1,$43.15,-$25.00,$18.15,Physical Good
9/12/2024,12:07:38,None,Capybara - Turtle Hat,1,$45.45,$0.00,$45.45,Physical Good
9/12/2024,12:07:07,None,Piggy - Birthday,1,$36.36,$0.00,$36.36,Physical Good
9/12/2024,12:06:33,Sanrio,Mel - Bowtied,1,$40.91,$0.00,$40.91,Physical Good
8/12/2024,21:11:19,None,Gloss Varnish,1,$4.54,$0.00,$4.54,Service
8/12/2024,21:11:19,None,Gloss Varnish,1,$4.54,$0.00,$4.54,Service
8/12/2024,21:05:52,None,Gloss Varnish,1,$4.54,$0.00,$4.54,Service
8/12/2024,21:05:52,None,Gloss Varnish,1,$4.54,$0.00,$4.54,Service
8/12/2024,20:33:12,Beverages,Drink - WATER,1,$3.00,-$3.00,$0.00,Physical Good
8/12/2024,19:26:43,None,Gloss Varnish,1,$4.54,$0.00,$4.54,Service
8/12/2024,19:26:43,None,Gloss Varnish,1,$4.54,$0.00,$4.54,Service
8/12/2024,19:26:43,None,Gloss Varnish,1,$4.53,$0.00,$4.53,Service
8/12/2024,19:06:21,Sanrio,Kuro - Clown Hat,1,$40.84,$0.00,$40.84,Physical Good
8/12/2024,19:06:21,Sanrio,Kuro -  King,1,$40.85,$0.00,$40.85,Physical Good
8/12/2024,18:35:24,Couple,Couple - Asian Wedding,1,$49.92,$0.00,$49.92,Physical Good
8/12/2024,18:25:51,None,Teddy with Tote,1,$36.31,$0.00,$36.31,Physical Good
8/12/2024,18:23:03,Sanrio,Mel - Bowtied,1,$43.21,-$25.57,$17.64,Physical Good
8/12/2024,18:23:03,None,Teddy with Tote,1,$38.40,-$22.73,$15.67,Physical Good
8/12/2024,18:23:03,Beverages,Drink - Milkis,1,$2.88,-$1.70,$1.18,Physical Good
8/12/2024,18:10:23,None,Take-home kit,1,$2.72,$0.00,$2.72,Physical Good
8/12/2024,17:34:20,Beverages,Drink - WATER,1,$2.72,$0.00,$2.72,Physical Good
8/12/2024,17:34:20,Beverages,Drink - COKE ZERO,1,$2.73,$0.00,$2.73,Physical Good
8/12/2024,17:03:20,None,BuBu LaLa,1,$45.38,$0.00,$45.38,Physical Good
8/12/2024,17:03:20,None,Capybara - Turtle Hat,1,$45.38,$0.00,$45.38,Physical Good
8/12/2024,16:59:40,None,Gloss Varnish,1,$4.54,$0.00,$4.54,Service
8/12/2024,16:59:29,None,Gloss Varnish,1,$4.54,$0.00,$4.54,Service
8/12/2024,16:55:16,None,Gloss Varnish,1,$4.54,$0.00,$4.54,Service
8/12/2024,16:55:16,None,Gloss Varnish,1,$4.54,$0.00,$4.54,Service
8/12/2024,16:55:16,None,Gloss Varnish,1,$4.53,$0.00,$4.53,Service
8/12/2024,16:36:11,None,Gloss Varnish,1,$4.54,$0.00,$4.54,Service
8/12/2024,16:36:11,None,Gloss Varnish,1,$4.54,$0.00,$4.54,Service
8/12/2024,16:36:11,None,Gloss Varnish,1,$4.53,$0.00,$4.53,Service
8/12/2024,16:23:36,Sanrio,Mel - Bowtied,1,$45.00,-$45.00,$0.00,Physical Good
8/12/2024,15:43:30,None,Bear - Drink,1,$36.31,$0.00,$36.31,Physical Good
8/12/2024,15:43:30,None,Capybara - Turtle Hat,1,$45.38,$0.00,$45.38,Physical Good
8/12/2024,15:39:40,None,Capybara - Turtle Hat,1,$45.38,$0.00,$45.38,Physical Good
8/12/2024,15:39:40,None,Piggy - Birthday,1,$36.31,$0.00,$36.31,Physical Good
8/12/2024,15:28:04,Beverages,Drink - Milkis,1,$2.72,$0.00,$2.72,Physical Good
8/12/2024,14:32:46,Couple,Couple - Asian Wedding,1,$49.92,$0.00,$49.92,Physical Good
8/12/2024,14:15:28,Beverages,Drink - Milkis,2,$5.45,$0.00,$5.45,Physical Good
8/12/2024,14:15:28,Beverages,Drink - COKE ZERO,1,$2.72,$0.00,$2.72,Physical Good
8/12/2024,14:14:22,Sanrio,Cina - Princess,1,$43.24,-$25.96,$17.28,Physical Good
8/12/2024,14:14:22,None,Totoro,1,$43.24,-$25.96,$17.28,Physical Good
8/12/2024,14:14:22,None,Piggy – Happy,1,$38.44,-$23.08,$15.36,Physical Good
8/12/2024,13:53:31,None,Gloss Varnish,1,$4.54,$0.00,$4.54,Service
8/12/2024,13:53:31,None,Gloss Varnish,1,$4.54,$0.00,$4.54,Service
8/12/2024,13:52:18,None,Dor - Astronaut,1,$40.84,$0.00,$40.84,Physical Good
8/12/2024,13:47:11,Sanrio,Cina,1,$40.00,-$40.00,$0.00,Physical Good
8/12/2024,13:40:02,Beverages,Drink - WATER,3,$8.17,$0.00,$8.17,Physical Good
8/12/2024,13:36:26,Sanrio,Mel - Bowtied,1,$45.00,-$45.00,$0.00,Physical Good
8/12/2024,13:34:18,Raws/Kaws,Raws - OG,2,$100.00,-$100.00,$0.00,Physical Good
8/12/2024,13:34:18,None,Capybara - Mother & Child,2,$120.00,-$120.00,$0.00,Physical Good
8/12/2024,13:34:18,None,Capybara - Turtle Hat,2,$100.00,-$100.00,$0.00,Physical Good
8/12/2024,13:34:18,Sanrio,Cina - Queen,4,$180.00,-$180.00,$0.00,Physical Good
8/12/2024,13:34:18,None,Cina – Magician Hat,2,$90.00,-$90.00,$0.00,Physical Good
8/12/2024,13:34:18,Sanrio,Cina,2,$80.00,-$80.00,$0.00,Physical Good
8/12/2024,13:34:18,None,Piggy - Birthday,1,$40.00,-$40.00,$0.00,Physical Good
8/12/2024,13:26:53,Sanrio,Cina - Queen,1,$45.00,-$45.00,$0.00,Physical Good
8/12/2024,13:26:53,None,Capybara - Turtle Hat,1,$50.00,-$50.00,$0.00,Physical Good
8/12/2024,13:21:59,None,Teddy with Tote,1,$36.31,$0.00,$36.31,Physical Good
8/12/2024,13:19:24,Sanrio,Mel,1,$36.31,$0.00,$36.31,Physical Good
8/12/2024,12:53:42,Couple,Couple - Banana,1,$49.92,$0.00,$49.92,Physical Good
8/12/2024,12:53:42,None,Capybara - Turtle Hat,1,$45.38,$0.00,$45.38,Physical Good
8/12/2024,12:53:42,None,Larva - laughing,1,$31.77,$0.00,$31.77,Physical Good
8/12/2024,11:52:52,None,Capybara - Turtle Hat,1,$45.38,$0.00,$45.38,Physical Good
8/12/2024,11:52:52,None,Nami,1,$45.38,$0.00,$45.38,Physical Good
8/12/2024,11:24:23,Halloween,Halloween - Bubu Lala,1,$45.38,$0.00,$45.38,Physical Good
8/12/2024,11:16:26,None,Capybara - Piggy Hat,1,$45.38,$0.00,$45.38,Physical Good
8/12/2024,11:10:23,Beverages,Drink - WATER,1,$2.86,-$1.50,$1.36,Physical Good
7/12/2024,22:03:27,None,Gloss Varnish,1,$4.54,$0.00,$4.54,Service
7/12/2024,20:39:59,Couple,Couple - Banana,1,$49.92,$0.00,$49.92,Physical Good
7/12/2024,19:13:23,None,Teddy with Tote,1,$40.00,-$40.00,$0.00,Physical Good
7/12/2024,19:13:23,None,Dor - Fal,1,$40.00,-$40.00,$0.00,Physical Good
7/12/2024,18:10:45,Beverages,Drink - SPRITE,1,$2.72,$0.00,$2.72,Physical Good
7/12/2024,18:03:32,None,Gloss Varnish,1,$4.54,$0.00,$4.54,Service
7/12/2024,17:26:30,POP MART Character,Dim Dim,1,$45.38,$0.00,$45.38,Physical Good
7/12/2024,16:58:45,Beverages,Drink - COKE,1,$2.72,$0.00,$2.72,Physical Good
7/12/2024,16:22:56,None,Larva - Open Mouth B,1,$31.76,$0.00,$31.76,Physical Good
7/12/2024,16:22:56,None,Larva - laughing,1,$31.77,$0.00,$31.77,Physical Good
7/12/2024,16:15:51,None,Gloss Varnish,1,$4.55,$0.00,$4.55,Service
7/12/2024,15:47:36,Beverages,Drink - Lipton LEMON,1,$4.55,$0.00,$4.55,Physical Good
7/12/2024,15:34:02,Halloween,Halloween - Bubu Lala,1,$45.38,$0.00,$45.38,Physical Good
7/12/2024,15:34:02,None,Totoro,1,$40.85,$0.00,$40.85,Physical Good
7/12/2024,15:27:51,None,SP - Mermaid,1,$47.95,-$27.78,$20.17,Physical Good
7/12/2024,15:27:51,None,Dor - Fal,1,$38.36,-$22.22,$16.14,Physical Good
7/12/2024,15:09:34,None,Astro Bear,1,$45.38,$0.00,$45.38,Physical Good
7/12/2024,14:24:45,None,Capybara - Turtle Hat,1,$50.00,-$50.00,$0.00,Physical Good
7/12/2024,14:18:23,None,Piggy - Peachy,1,$36.36,$0.00,$36.36,Physical Good
7/12/2024,13:53:01,None,Strawberry Bear - Balloon,1,$43.15,-$25.00,$18.15,Physical Good
7/12/2024,13:52:36,POP MART Character,Dim Dim,1,$47.69,-$25.00,$22.69,Physical Good
7/12/2024,13:49:55,None,SP - Sailor Moon,1,$47.69,-$25.00,$22.69,Physical Good
7/12/2024,13:46:57,None,Teddy with Tote,1,$38.61,-$25.00,$13.61,Physical Good
7/12/2024,13:46:15,None,Dor - Fal,1,$38.61,-$25.00,$13.61,Physical Good
7/12/2024,13:45:22,Raws/Kaws,Raws - OG,1,$47.69,-$25.00,$22.69,Physical Good
7/12/2024,13:14:17,Couple,Couple - Banana,1,$54.31,-$47.41,$6.90,Physical Good
7/12/2024,13:14:17,Beverages,Drink - COKE,1,$2.96,-$2.59,$0.37,Physical Good
7/12/2024,13:12:40,None,Dor - Astronaut,1,$45.00,-$45.00,$0.00,Physical Good
7/12/2024,13:12:40,None,Teddy with Tote,1,$40.00,-$40.00,$0.00,Physical Good
7/12/2024,13:12:40,Couple,Couple - Lucky Cat,1,$55.00,-$55.00,$0.00,Physical Good
7/12/2024,11:28:23,Beverages,Drink - WATER,1,$2.86,-$1.50,$1.36,Physical Good
7/12/2024,11:17:35,None,Capybara - Toilet,1,$45.38,$0.00,$45.38,Physical Good
7/12/2024,11:17:35,None,Custom Amount,1,$40.84,$0.00,$40.84,
7/12/2024,11:17:35,None,Gloss Varnish,1,$4.54,$0.00,$4.54,Service
7/12/2024,11:17:35,None,Gloss Varnish,1,$4.54,$0.00,$4.54,Service
7/12/2024,11:11:51,Sanrio,Cina,1,$37.41,-$12.00,$25.41,Physical Good
7/12/2024,11:11:51,None,Dor - Sitting,1,$37.41,-$12.00,$25.41,Physical Good
7/12/2024,11:11:51,None,Dor - Fal,1,$37.42,-$12.00,$25.42,Physical Good
7/12/2024,11:11:51,None,Kuro - Princess,1,$42.09,-$13.50,$28.59,Physical Good
6/12/2024,18:57:40,Sanrio,Kuro - Clown Hat,-1,-$40.84,$0.00,-$40.84,Physical Good
6/12/2024,18:03:11,None,Teddy with Tote,2,$72.61,$0.00,$72.61,Physical Good
6/12/2024,17:28:47,Sanrio,Kuro - Clown Hat,1,$40.84,$0.00,$40.84,Physical Good
6/12/2024,17:28:47,None,Capybara - Mother & Child,1,$54.46,$0.00,$54.46,Physical Good
6/12/2024,17:16:17,None,Dor - Magician hat,1,$40.84,$0.00,$40.84,Physical Good
6/12/2024,16:16:05,Sanrio,Purin,1,$40.84,$0.00,$40.84,Physical Good
6/12/2024,16:16:05,Sanrio,Kuro -  King,1,$40.85,$0.00,$40.85,Physical Good
6/12/2024,16:15:27,None,Capybara - Turtle Hat,1,$45.45,$0.00,$45.45,Physical Good
6/12/2024,15:40:00,None,Totoro,1,$40.84,$0.00,$40.84,Physical Good
6/12/2024,15:29:57,None,Gloss Varnish,1,$4.54,$0.00,$4.54,Service
6/12/2024,14:41:40,None,Capybara - TV,1,$45.38,$0.00,$45.38,Physical Good
6/12/2024,14:41:40,None,Bear - Sleeping,1,$36.31,$0.00,$36.31,Physical Good
6/12/2024,14:37:26,None,Gloss Varnish,1,$4.54,$0.00,$4.54,Service
6/12/2024,13:27:27,Couple,Couple - Banana,1,$49.92,$0.00,$49.92,Physical Good
6/12/2024,12:53:25,None,Strawberry Bear - Balloon,1,$40.84,$0.00,$40.84,Physical Good
6/12/2024,12:47:00,Beverages,Drink - Lipton LEMON,1,$4.55,$0.00,$4.55,Physical Good
6/12/2024,12:22:28,None,Sleepy Sparkle,1,$36.36,$0.00,$36.36,Physical Good
6/12/2024,12:22:28,None,Rabbit - Happy Sleepy,1,$36.37,$0.00,$36.37,Physical Good
6/12/2024,12:09:15,Beverages,Drink - WATER,1,$2.86,-$1.50,$1.36,Physical Good
5/12/2024,19:42:11,None,Gloss Varnish,1,$4.54,$0.00,$4.54,Service
5/12/2024,19:15:05,Beverages,Drink - SPRITE,1,$2.73,$0.00,$2.73,Physical Good
5/12/2024,19:12:01,None,Larva - Open Mouth B,1,$35.00,-$35.00,$0.00,Physical Good
5/12/2024,18:09:01,Beverages,Drink - COKE ZERO,1,$2.72,$0.00,$2.72,Physical Good
5/12/2024,17:50:47,Beverages,Drink - WATER,1,$3.00,-$3.00,$0.00,Physical Good
5/12/2024,17:49:34,None,Teddy with Tote,1,$36.31,$0.00,$36.31,Physical Good
5/12/2024,17:48:53,Raws/Kaws,Raws - Furry,-1,-$45.38,$0.00,-$45.38,Physical Good
5/12/2024,17:47:40,None,Dor - Sitting,1,$36.30,$0.00,$36.30,Physical Good
5/12/2024,17:47:40,Sanrio,Kuro - Bowtied,1,$40.84,$0.00,$40.84,Physical Good
5/12/2024,17:47:40,None,Custom Amount,1,$68.08,$0.00,$68.08,
5/12/2024,17:47:40,Raws/Kaws,Raws - Furry,1,$45.38,$0.00,$45.38,Physical Good
5/12/2024,17:45:16,Sanrio,Cina,1,$36.31,$0.00,$36.31,Physical Good
5/12/2024,17:43:56,None,Custom Amount,1,$36.30,$0.00,$36.30,
5/12/2024,17:43:56,Sanrio,Mel,1,$36.31,$0.00,$36.31,Physical Good
5/12/2024,17:31:12,Raws/Kaws,Raws - Furry,1,$45.38,$0.00,$45.38,Physical Good
5/12/2024,17:31:12,Beverages,Drink - WATER,1,$2.72,$0.00,$2.72,Physical Good
5/12/2024,17:30:36,Raws/Kaws,Raws - Furry,1,$45.38,$0.00,$45.38,Physical Good
5/12/2024,17:30:36,Beverages,Drink - Lipton LEMON,1,$4.54,$0.00,$4.54,Physical Good
5/12/2024,17:19:20,Beverages,Drink - Red Bull,1,$4.54,$0.00,$4.54,Physical Good
5/12/2024,17:19:20,Beverages,Drink - COKE,1,$2.73,$0.00,$2.73,Physical Good
5/12/2024,17:17:55,Beverages,Drink - COKE,2,$5.45,$0.00,$5.45,Physical Good
5/12/2024,16:34:08,None,Larva - laughing,1,$31.77,$0.00,$31.77,Physical Good
5/12/2024,15:53:16,None,Teddy with Tote,1,$36.31,$0.00,$36.31,Physical Good
5/12/2024,15:52:15,None,Teddy with Tote,1,$36.31,$0.00,$36.31,Physical Good
5/12/2024,15:24:42,Couple,Couple - Banana,1,$50.00,$0.00,$50.00,Physical Good
5/12/2024,14:41:16,Raws/Kaws,Raws - Furry,1,$45.38,$0.00,$45.38,Physical Good
5/12/2024,14:41:16,None,Capybara - Turtle Hat,1,$45.38,$0.00,$45.38,Physical Good
5/12/2024,12:23:29,None,Nami,1,$45.38,$0.00,$45.38,Physical Good
5/12/2024,12:23:01,None,SP - Sailor Moon,1,$45.38,$0.00,$45.38,Physical Good
4/12/2024,20:46:26,None,Gloss Varnish,1,$4.54,$0.00,$4.54,Service
4/12/2024,18:12:28,None,Gloss Varnish,1,$4.54,$0.00,$4.54,Service
4/12/2024,18:00:25,None,Capybara - Crocodile,1,$45.46,$0.00,$45.46,Physical Good
4/12/2024,18:00:25,None,Capybara - Holder,1,$45.45,$0.00,$45.45,Physical Good
4/12/2024,16:55:01,None,Astronaut - Cat Lady,1,$45.38,$0.00,$45.38,Physical Good
4/12/2024,16:53:52,None,Bowtie Cat - School Girl,1,$40.85,$0.00,$40.85,Physical Good
4/12/2024,16:53:52,Beverages,Drink - Banana Milk,1,$3.40,$0.00,$3.40,Physical Good
4/12/2024,16:38:08,Sanrio,Kuro - Clown Hat,1,$40.84,$0.00,$40.84,Physical Good
4/12/2024,16:12:15,None,Gloss Varnish,1,$4.54,$0.00,$4.54,Service
4/12/2024,16:07:38,None,Teddy with Tote,1,$36.67,-$4.00,$32.67,Physical Good
4/12/2024,16:07:14,Sanrio,Mel,1,$36.67,-$4.00,$32.67,Physical Good
4/12/2024,15:54:44,None,Repeat painting,1,$9.08,$0.00,$9.08,Service
4/12/2024,15:52:14,Couple,Couple - Loving Bear,1,$49.92,$0.00,$49.92,Physical Good
4/12/2024,15:29:34,None,Rabbit – Fish,1,$40.84,$0.00,$40.84,Physical Good
4/12/2024,15:29:05,None,SP - Sailor Moon,1,$45.38,$0.00,$45.38,Physical Good
4/12/2024,14:20:55,None,Nami,1,$45.38,$0.00,$45.38,Physical Good
4/12/2024,14:20:55,None,SP - Witch,1,$45.39,$0.00,$45.39,Physical Good
4/12/2024,14:20:55,Beverages,Drink - WATER,1,$2.72,$0.00,$2.72,Physical Good
4/12/2024,14:14:52,Couple,Couple - Banana,1,$49.92,$0.00,$49.92,Physical Good
4/12/2024,13:36:43,None,Bear - Drink,1,$36.31,$0.00,$36.31,Physical Good
4/12/2024,13:36:25,None,Rabbit Bowtie - Carrot,1,$36.31,$0.00,$36.31,Physical Good
4/12/2024,12:47:47,None,SP - Witch,1,$45.38,$0.00,$45.38,Physical Good
4/12/2024,12:47:28,None,Dor - Astronaut,1,$40.84,$0.00,$40.84,Physical Good
4/12/2024,12:47:04,Sanrio,Mel - Bowtied,1,$40.84,$0.00,$40.84,Physical Good
4/12/2024,12:46:37,Sanrio,Cina,1,$36.31,$0.00,$36.31,Physical Good
4/12/2024,12:38:51,None,Larva - Open mouth A,1,$31.77,$0.00,$31.77,Physical Good
4/12/2024,12:38:51,None,Rabbit – Fish,1,$40.84,$0.00,$40.84,Physical Good
4/12/2024,12:29:48,Sanrio,Mel,1,$36.72,-$4.00,$32.72,Physical Good
4/12/2024,12:29:48,None,Gloss Varnish,1,$4.55,$0.00,$4.55,Service
3/12/2024,21:10:08,None,Gloss Varnish,1,$4.54,$0.00,$4.54,Service
3/12/2024,20:44:44,None,Gloss Varnish,1,$4.54,$0.00,$4.54,Service
3/12/2024,20:08:01,None,Capybara - Piggy Hat,1,$45.38,$0.00,$45.38,Physical Good
3/12/2024,20:07:32,Halloween,Halloween - Mel,1,$40.91,$0.00,$40.91,Physical Good
3/12/2024,19:54:02,None,Nami,1,$45.38,$0.00,$45.38,Physical Good
3/12/2024,19:54:02,None,Custom Amount,1,$181.53,$0.00,$181.53,
3/12/2024,19:37:05,None,SP - Sailor Moon,1,$45.38,$0.00,$45.38,Physical Good
3/12/2024,17:41:25,None,Bowtie Cat - School Girl,1,$40.84,$0.00,$40.84,Physical Good
3/12/2024,17:40:52,Sanrio,Kuro - Eclipse,1,$40.84,$0.00,$40.84,Physical Good
3/12/2024,16:29:50,Beverages,Drink - Banana Milk,1,$3.40,$0.00,$3.40,Physical Good
3/12/2024,16:29:50,None,Gloss Varnish,1,$4.54,$0.00,$4.54,Service
3/12/2024,16:03:30,None,Gloss Varnish,1,$4.54,$0.00,$4.54,Service
3/12/2024,16:03:30,Beverages,Drink - WATER,1,$2.72,$0.00,$2.72,Physical Good
3/12/2024,15:53:10,None,Dor - Sitting,1,$36.31,$0.00,$36.31,Physical Good
3/12/2024,15:52:43,None,Capybara - Piggy Hat,1,$45.45,$0.00,$45.45,Physical Good
3/12/2024,14:54:08,None,Gloss Varnish,1,$4.54,$0.00,$4.54,Service
3/12/2024,14:53:44,None,Gloss Varnish,1,$4.54,$0.00,$4.54,Service
3/12/2024,14:53:20,None,Gloss Varnish,1,$4.54,$0.00,$4.54,Service
3/12/2024,14:29:17,SP GIRL - SKULLPANDA,SP - Cat,1,$40.84,$0.00,$40.84,Physical Good
3/12/2024,14:28:32,None,SP - Witch,1,$45.38,$0.00,$45.38,Physical Good
3/12/2024,14:02:03,Sanrio,Cina - Bowtied,1,$40.84,$0.00,$40.84,Physical Good
3/12/2024,14:02:03,None,Gloss Varnish,1,$4.54,$0.00,$4.54,Service
3/12/2024,14:01:17,Sanrio,Mel - Bowtied,1,$40.84,$0.00,$40.84,Physical Good
3/12/2024,14:01:17,None,Gloss Varnish,1,$4.54,$0.00,$4.54,Service
3/12/2024,14:00:33,None,Nami,1,$45.45,$0.00,$45.45,Physical Good
3/12/2024,14:00:06,SP GIRL - SKULLPANDA,SP - Cat,1,$40.84,$0.00,$40.84,Physical Good
3/12/2024,13:59:36,Sanrio,Cina,1,$36.31,$0.00,$36.31,Physical Good
3/12/2024,13:58:43,None,Bear Holder - B,1,$59.00,$0.00,$59.00,Physical Good
3/12/2024,13:56:31,None,Gloss Varnish,1,$4.54,$0.00,$4.54,Service
3/12/2024,13:56:20,Sanrio,Mel - Bowtied,1,$40.84,$0.00,$40.84,Physical Good
3/12/2024,12:57:15,Sanrio,Mel - Bowtied,1,$40.84,$0.00,$40.84,Physical Good
3/12/2024,12:56:35,None,Chicken Mama,1,$36.31,$0.00,$36.31,Physical Good
3/12/2024,12:56:01,None,Chicken Mama,1,$36.31,$0.00,$36.31,Physical Good
3/12/2024,12:13:15,Couple,Couple - Rabbit,1,$49.92,$0.00,$49.92,Physical Good
2/12/2024,20:07:47,None,Gloss Varnish,1,$4.54,$0.00,$4.54,Service
2/12/2024,18:42:09,Couple,Couple - Banana,1,$49.92,$0.00,$49.92,Physical Good
2/12/2024,17:35:06,Beverages,Drink - Lipton PEACH,1,$4.54,$0.00,$4.54,Physical Good
2/12/2024,17:34:34,None,Rabbit - Happy Sleepy,1,$38.69,-$25.81,$12.88,Physical Good
2/12/2024,17:34:34,None,Chicken Mama,2,$77.38,-$51.61,$25.77,Physical Good
2/12/2024,17:34:34,None,Larva - Open Mouth B,1,$33.85,-$22.58,$11.27,Physical Good
2/12/2024,17:28:54,None,Larva - Open mouth A,1,$34.21,-$26.27,$7.94,Physical Good
2/12/2024,17:28:54,Sanrio,Kuro - Clown Hat,1,$43.98,-$33.77,$10.21,Physical Good
2/12/2024,17:28:54,Sanrio,Kuro - Evil,1,$48.87,-$37.52,$11.35,Physical Good
2/12/2024,17:28:54,Sanrio,Kuro -  King,2,$87.96,-$67.54,$20.42,Physical Good
2/12/2024,17:28:54,None,Mel - Necklace,1,$43.98,-$33.77,$10.21,Physical Good
2/12/2024,17:28:54,None,Piggy – Happy,1,$39.09,-$30.02,$9.07,Physical Good
2/12/2024,17:28:54,None,Capybara - Lucky Wish,2,$97.73,-$75.04,$22.69,Physical Good
2/12/2024,17:28:54,None,Capybara - TV,2,$97.73,-$75.05,$22.68,Physical Good
2/12/2024,17:28:54,None,Capybara - Piggy Hat,1,$48.86,-$37.52,$11.34,Physical Good
2/12/2024,14:57:14,None,Larva,1,$31.77,$0.00,$31.77,Physical Good
2/12/2024,14:21:35,Beverages,Drink - WATER,1,$2.86,-$1.50,$1.36,Physical Good
1/12/2024,17:30:27,None,Gloss Varnish,1,$4.54,$0.00,$4.54,Service
1/12/2024,17:30:27,None,Gloss Varnish,1,$4.54,$0.00,$4.54,Service
1/12/2024,17:25:56,None,Capybara - On Lotus,1,$60.00,-$60.00,$0.00,Physical Good
1/12/2024,17:07:35,Sanrio,Cina - Princess,1,$43.03,-$23.68,$19.35,Physical Good
1/12/2024,17:07:35,None,Capybara - Piggy Hat,1,$47.81,-$26.32,$21.49,Physical Good
1/12/2024,17:03:14,None,Gloss Varnish,1,$4.55,$0.00,$4.55,Service
1/12/2024,15:09:10,Raws/Kaws,Raws - Furry,1,$50.00,-$50.00,$0.00,Physical Good
1/12/2024,15:09:10,Couple,Couple - Loving Bear,1,$55.00,-$55.00,$0.00,Physical Good
1/12/2024,15:04:55,Sanrio,Kuro - Bowtied,1,$40.84,$0.00,$40.84,Physical Good
1/12/2024,15:04:55,Sanrio,Mel - Bowtied,1,$40.85,$0.00,$40.85,Physical Good
1/12/2024,14:47:27,Halloween,Halloween - Bubu Lala,1,$45.46,$0.00,$45.46,Physical Good
1/12/2024,14:47:27,Sanrio,Kuro - Evil,1,$45.45,$0.00,$45.45,Physical Good
1/12/2024,14:04:16,None,Capybara - Piggy Hat,1,$47.81,-$26.32,$21.49,Physical Good
1/12/2024,14:04:16,Sanrio,Kuro - Bowtied,1,$43.03,-$23.68,$19.35,Physical Good
1/12/2024,14:02:10,None,Gloss Varnish,1,$4.55,$0.00,$4.55,Service
1/12/2024,13:37:26,None,Piggy - Queen,1,$36.31,$0.00,$36.31,Physical Good
1/12/2024,12:41:19,Beverages,Drink - 0 Degree Iced Tea,1,$4.09,$0.00,$4.09,Physical Good
1/12/2024,12:41:19,Beverages,Drink - WATER,1,$2.72,$0.00,$2.72,Physical Good
1/12/2024,12:23:40,POP MART Character,Dim Dim,1,$50.00,-$50.00,$0.00,Physical Good
1/12/2024,12:23:40,None,Dor - Astronaut,1,$45.00,-$45.00,$0.00,Physical Good
1/12/2024,12:23:40,None,Kuro - Princess,1,$45.00,-$45.00,$0.00,Physical Good
1/12/2024,12:23:40,None,Capybara - Turtle Hat,1,$50.00,-$50.00,$0.00,Physical Good
1/12/2024,11:24:38,None,Teddy with Tote,1,$36.36,$0.00,$36.36,Physical Good
1/12/2024,10:57:49,Beverages,Drink - WATER,1,$2.86,-$1.50,$1.36,Physical Good
